src_ip,request_rate,unique_urls_proxy,label
127.0.0.1,0.03333333333333333,1,0
127.0.0.1,0.06666666666666667,2,0
127.0.0.1,0.1,3,0
127.0.0.1,0.13333333333333333,4,0
127.0.0.1,0.16666666666666666,4,0
127.0.0.1,0.2,5,0
127.0.0.1,0.23333333333333334,6,0
127.0.0.1,0.26666666666666666,7,0
127.0.0.1,0.3,8,0
127.0.0.1,0.3333333333333333,8,0
127.0.0.1,0.43333333333333335,11,0
127.0.0.1,0.43333333333333335,11,0
127.0.0.1,0.43333333333333335,11,0
127.0.0.1,0.5333333333333333,13,0
127.0.0.1,0.5333333333333333,13,0
127.0.0.1,0.5333333333333333,13,0
127.0.0.1,0.6,15,0
127.0.0.1,0.6,15,0
127.0.0.1,0.8,20,0
127.0.0.1,0.8,20,0
127.0.0.1,0.8,20,0
127.0.0.1,0.8,20,0
127.0.0.1,0.8,20,0
127.0.0.1,0.8,20,0
127.0.0.1,0.9,22,0
127.0.0.1,0.9,22,0
127.0.0.1,0.9,22,0
127.0.0.1,1.0,24,0
127.0.0.1,1.0,24,0
127.0.0.1,1.0,24,0
127.0.0.1,1.1333333333333333,27,0
127.0.0.1,1.1333333333333333,27,0
127.0.0.1,1.1333333333333333,27,0
127.0.0.1,1.1333333333333333,27,0
127.0.0.1,1.2,28,0
127.0.0.1,1.2,28,0
127.0.0.1,1.2666666666666666,30,0
127.0.0.1,1.2666666666666666,30,0
127.0.0.1,1.3666666666666667,31,0
127.0.0.1,1.3666666666666667,31,0
127.0.0.1,1.3666666666666667,31,0
127.0.0.1,1.4,32,0
127.0.0.1,1.4333333333333333,32,0
127.0.0.1,1.4666666666666666,33,0
127.0.0.1,1.5,34,0
127.0.0.1,1.5333333333333334,35,0
127.0.0.1,1.5666666666666667,36,0
127.0.0.1,1.6,36,0
127.0.0.1,1.7,38,0
127.0.0.1,1.7,38,0
127.0.0.1,1.7,38,0
127.0.0.1,1.8,40,0
127.0.0.1,1.8,40,0
127.0.0.1,1.8,40,0
127.0.0.1,1.9,42,0
127.0.0.1,1.9,42,0
127.0.0.1,1.9,42,0
127.0.0.1,1.9666666666666666,43,0
127.0.0.1,1.9666666666666666,43,0
127.0.0.1,2.1,46,0
127.0.0.1,2.1,46,0
127.0.0.1,2.1,46,0
127.0.0.1,2.1,46,0
127.0.0.1,2.1666666666666665,47,0
127.0.0.1,2.1666666666666665,47,0
127.0.0.1,2.3,50,0
127.0.0.1,2.3,50,0
127.0.0.1,2.3,50,0
127.0.0.1,2.3,50,0
127.0.0.1,2.3333333333333335,50,0
127.0.0.1,2.433333333333333,52,0
127.0.0.1,2.433333333333333,52,0
127.0.0.1,2.433333333333333,52,0
127.0.0.1,2.5,54,0
127.0.0.1,2.5,54,0
127.0.0.1,2.533333333333333,54,0
127.0.0.1,2.566666666666667,55,0
127.0.0.1,2.6333333333333333,56,0
127.0.0.1,2.6333333333333333,56,0
127.0.0.1,2.7,57,0
127.0.0.1,2.7,57,0
127.0.0.1,2.8,57,0
127.0.0.1,2.8,57,0
127.0.0.1,2.8,57,0
127.0.0.1,2.9,57,0
127.0.0.1,2.9,57,0
127.0.0.1,2.9,57,0
127.0.0.1,2.966666666666667,57,0
127.0.0.1,2.966666666666667,57,0
127.0.0.1,3.066666666666667,57,0
127.0.0.1,3.066666666666667,57,0
127.0.0.1,3.066666666666667,57,0
127.0.0.1,3.1333333333333333,57,0
127.0.0.1,3.1333333333333333,57,0
127.0.0.1,3.2,57,0
127.0.0.1,3.2,57,0
127.0.0.1,3.2333333333333334,57,0
127.0.0.1,3.2666666666666666,57,0
127.0.0.1,3.3333333333333335,57,0
127.0.0.1,3.3333333333333335,57,0
127.0.0.1,3.4,57,0
127.0.0.1,3.4,57,0
127.0.0.1,3.466666666666667,57,0
127.0.0.1,3.466666666666667,57,0
127.0.0.1,3.5,57,0
127.0.0.1,3.533333333333333,58,0
127.0.0.1,3.566666666666667,59,0
127.0.0.1,3.6,59,0
127.0.0.1,3.6333333333333333,60,0
127.0.0.1,3.6666666666666665,61,0
127.0.0.1,3.7,61,0
127.0.0.1,3.7333333333333334,62,0
127.0.0.1,3.7666666666666666,63,0
127.0.0.1,3.8,64,0
127.0.0.1,3.8333333333333335,65,0
127.0.0.1,3.9,67,0
127.0.0.1,3.9,67,0
127.0.0.1,3.933333333333333,67,0
127.0.0.1,3.966666666666667,68,0
127.0.0.1,4.0,69,0
127.0.0.1,4.033333333333333,70,0
127.0.0.1,4.066666666666666,71,0
127.0.0.1,4.1,72,0
127.0.0.1,4.166666666666667,73,0
127.0.0.1,4.166666666666667,73,0
127.0.0.1,4.2,74,0
127.0.0.1,4.233333333333333,75,0
127.0.0.1,4.266666666666667,76,0
127.0.0.1,4.3,77,0
127.0.0.1,4.4,80,0
127.0.0.1,4.4,80,0
127.0.0.1,4.4,80,0
127.0.0.1,4.466666666666667,81,0
127.0.0.1,4.466666666666667,81,0
127.0.0.1,4.533333333333333,83,0
127.0.0.1,4.533333333333333,83,0
127.0.0.1,4.566666666666666,84,0
127.0.0.1,4.633333333333334,86,0
127.0.0.1,4.633333333333334,86,0
127.0.0.1,4.7,87,0
127.0.0.1,4.7,87,0
127.0.0.1,4.8,90,0
127.0.0.1,4.8,90,0
127.0.0.1,4.8,90,0
127.0.0.1,4.866666666666666,91,0
127.0.0.1,4.866666666666666,91,0
127.0.0.1,4.9,92,0
127.0.0.1,4.933333333333334,93,0
127.0.0.1,4.966666666666667,94,0
127.0.0.1,5.0,95,0
127.0.0.1,5.033333333333333,96,0
127.0.0.1,5.066666666666666,97,0
127.0.0.1,5.1,98,0
127.0.0.1,5.2,100,0
127.0.0.1,5.2,100,0
127.0.0.1,5.2,100,0
127.0.0.1,5.233333333333333,101,0
127.0.0.1,5.266666666666667,102,0
127.0.0.1,5.333333333333333,104,0
127.0.0.1,5.333333333333333,104,0
127.0.0.1,5.366666666666666,105,0
127.0.0.1,5.4,105,0
127.0.0.1,5.433333333333334,106,0
127.0.0.1,5.466666666666667,107,0
127.0.0.1,5.6,109,0
127.0.0.1,5.6,109,0
127.0.0.1,5.6,109,0
127.0.0.1,5.6,109,0
127.0.0.1,5.633333333333334,110,0
127.0.0.1,5.666666666666667,111,0
127.0.0.1,5.7,112,0
127.0.0.1,5.766666666666667,114,0
127.0.0.1,5.766666666666667,114,0
127.0.0.1,5.833333333333333,115,0
127.0.0.1,5.833333333333333,115,0
127.0.0.1,5.866666666666666,116,0
127.0.0.1,5.9,117,0
127.0.0.1,5.933333333333334,118,0
127.0.0.1,5.966666666666667,119,0
127.0.0.1,6.0,120,0
127.0.0.1,6.066666666666666,121,0
127.0.0.1,6.066666666666666,121,0
127.0.0.1,6.133333333333334,123,0
127.0.0.1,6.133333333333334,123,0
127.0.0.1,6.166666666666667,124,0
127.0.0.1,6.2,125,0
127.0.0.1,6.266666666666667,127,0
127.0.0.1,6.266666666666667,127,0
127.0.0.1,6.3,128,0
127.0.0.1,6.333333333333333,128,0
127.0.0.1,6.4,129,0
127.0.0.1,6.4,129,0
127.0.0.1,6.433333333333334,130,0
127.0.0.1,6.5,132,0
127.0.0.1,6.5,132,0
127.0.0.1,6.566666666666666,133,0
127.0.0.1,6.566666666666666,133,0
127.0.0.1,6.6,134,0
127.0.0.1,6.633333333333334,135,0
127.0.0.1,6.7,137,0
127.0.0.1,6.7,137,0
127.0.0.1,6.766666666666667,138,0
127.0.0.1,6.766666666666667,138,0
127.0.0.1,6.8,139,0
127.0.0.1,6.866666666666666,141,0
127.0.0.1,6.866666666666666,141,0
127.0.0.1,6.933333333333334,142,0
127.0.0.1,6.933333333333334,142,0
127.0.0.1,6.966666666666667,143,0
127.0.0.1,7.0,144,0
127.0.0.1,7.1,146,0
127.0.0.1,7.1,146,0
127.0.0.1,7.1,146,0
127.0.0.1,7.133333333333334,147,0
127.0.0.1,7.2,149,0
127.0.0.1,7.2,149,0
127.0.0.1,7.266666666666667,150,0
127.0.0.1,7.266666666666667,150,0
127.0.0.1,7.3,151,0
127.0.0.1,7.333333333333333,152,0
127.0.0.1,7.366666666666666,153,0
127.0.0.1,7.4,154,0
127.0.0.1,7.533333333333333,157,0
127.0.0.1,7.533333333333333,157,0
127.0.0.1,7.533333333333333,157,0
127.0.0.1,7.533333333333333,157,0
127.0.0.1,7.566666666666666,158,0
127.0.0.1,7.633333333333334,160,0
127.0.0.1,7.633333333333334,160,0
127.0.0.1,7.766666666666667,163,0
127.0.0.1,7.766666666666667,163,0
127.0.0.1,7.766666666666667,163,0
127.0.0.1,7.766666666666667,163,0
127.0.0.1,7.8,164,0
127.0.0.1,7.866666666666666,166,0
127.0.0.1,7.866666666666666,166,0
127.0.0.1,7.9,166,0
127.0.0.1,7.966666666666667,168,0
127.0.0.1,7.966666666666667,168,0
127.0.0.1,8.0,168,0
127.0.0.1,8.033333333333333,169,0
127.0.0.1,8.133333333333333,172,0
127.0.0.1,8.133333333333333,172,0
127.0.0.1,8.133333333333333,172,0
127.0.0.1,8.166666666666666,173,0
127.0.0.1,8.266666666666667,175,0
127.0.0.1,8.266666666666667,175,0
127.0.0.1,8.266666666666667,175,0
127.0.0.1,8.3,176,0
127.0.0.1,8.433333333333334,179,0
127.0.0.1,8.433333333333334,179,0
127.0.0.1,8.433333333333334,179,0
127.0.0.1,8.433333333333334,179,0
127.0.0.1,8.466666666666667,180,0
127.0.0.1,8.566666666666666,182,0
127.0.0.1,8.566666666666666,182,0
127.0.0.1,8.566666666666666,182,0
127.0.0.1,8.633333333333333,184,0
127.0.0.1,8.633333333333333,184,0
127.0.0.1,8.7,186,0
127.0.0.1,8.7,186,0
127.0.0.1,8.733333333333333,187,0
127.0.0.1,8.766666666666667,188,0
127.0.0.1,8.8,188,0
127.0.0.1,8.866666666666667,190,0
127.0.0.1,8.866666666666667,190,0
127.0.0.1,8.933333333333334,191,0
127.0.0.1,8.933333333333334,191,0
127.0.0.1,8.966666666666667,192,0
127.0.0.1,9.033333333333333,194,0
127.0.0.1,9.033333333333333,194,0
127.0.0.1,9.1,196,0
127.0.0.1,9.1,196,0
127.0.0.1,9.133333333333333,196,0
127.0.0.1,9.2,198,0
127.0.0.1,9.2,198,0
127.0.0.1,9.266666666666667,199,0
127.0.0.1,9.266666666666667,199,0
127.0.0.1,9.3,199,0
127.0.0.1,9.333333333333334,199,0
127.0.0.1,9.366666666666667,199,0
127.0.0.1,9.4,199,0
127.0.0.1,9.433333333333334,199,0
127.0.0.1,9.466666666666667,199,0
127.0.0.1,9.5,199,0
127.0.0.1,9.533333333333333,199,0
127.0.0.1,9.566666666666666,199,0
127.0.0.1,9.6,199,0
127.0.0.1,9.633333333333333,199,0
127.0.0.1,9.666666666666666,199,0
127.0.0.1,9.7,199,0
127.0.0.1,9.733333333333333,199,0
127.0.0.1,9.766666666666667,199,0
127.0.0.1,9.8,199,0
127.0.0.1,9.833333333333334,199,0
127.0.0.1,9.866666666666667,200,0
127.0.0.1,9.9,200,0
127.0.0.1,9.933333333333334,200,0
127.0.0.1,9.966666666666667,200,0
127.0.0.1,10.0,200,0
127.0.0.1,10.033333333333333,200,1
127.0.0.1,10.066666666666666,200,1
127.0.0.1,10.1,200,1
127.0.0.1,10.133333333333333,200,1
127.0.0.1,10.166666666666666,200,1
127.0.0.1,10.2,200,1
127.0.0.1,10.233333333333333,200,1
127.0.0.1,10.266666666666667,200,1
127.0.0.1,10.3,200,1
127.0.0.1,10.333333333333334,200,1
127.0.0.1,10.366666666666667,200,1
127.0.0.1,10.4,200,1
127.0.0.1,10.433333333333334,200,1
127.0.0.1,10.466666666666667,200,1
127.0.0.1,10.533333333333333,200,1
127.0.0.1,10.533333333333333,200,1
127.0.0.1,10.566666666666666,200,1
127.0.0.1,10.6,200,1
127.0.0.1,10.633333333333333,200,1
127.0.0.1,10.666666666666666,200,1
127.0.0.1,10.7,200,1
127.0.0.1,10.733333333333333,200,1
127.0.0.1,10.766666666666667,200,1
127.0.0.1,10.8,200,1
127.0.0.1,10.833333333333334,200,1
127.0.0.1,10.866666666666667,200,1
127.0.0.1,10.9,200,1
127.0.0.1,10.933333333333334,200,1
127.0.0.1,10.966666666666667,200,1
127.0.0.1,11.0,200,1
127.0.0.1,11.033333333333333,200,1
127.0.0.1,11.066666666666666,200,1
127.0.0.1,11.1,200,1
127.0.0.1,11.133333333333333,200,1
127.0.0.1,11.166666666666666,200,1
127.0.0.1,11.2,200,1
127.0.0.1,11.233333333333333,200,1
127.0.0.1,11.266666666666667,200,1
127.0.0.1,11.3,200,1
127.0.0.1,11.333333333333334,200,1
127.0.0.1,11.366666666666667,200,1
127.0.0.1,11.4,200,1
127.0.0.1,11.433333333333334,200,1
127.0.0.1,11.466666666666667,200,1
127.0.0.1,11.5,200,1
127.0.0.1,11.566666666666666,200,1
127.0.0.1,11.566666666666666,200,1
127.0.0.1,11.6,200,1
127.0.0.1,11.633333333333333,200,1
127.0.0.1,11.666666666666666,200,1
127.0.0.1,11.7,200,1
127.0.0.1,11.766666666666667,200,1
127.0.0.1,11.766666666666667,200,1
127.0.0.1,11.833333333333334,200,1
127.0.0.1,11.833333333333334,200,1
127.0.0.1,11.866666666666667,200,1
127.0.0.1,11.9,200,1
127.0.0.1,11.966666666666667,200,1
127.0.0.1,11.966666666666667,200,1
127.0.0.1,12.0,200,1
127.0.0.1,12.033333333333333,200,1
127.0.0.1,12.066666666666666,200,1
127.0.0.1,12.1,200,1
127.0.0.1,12.166666666666666,200,1
127.0.0.1,12.166666666666666,200,1
127.0.0.1,12.2,200,1
127.0.0.1,12.233333333333333,200,1
127.0.0.1,12.266666666666667,200,1
127.0.0.1,12.3,200,1
127.0.0.1,12.333333333333334,200,1
127.0.0.1,12.366666666666667,200,1
127.0.0.1,12.433333333333334,200,1
127.0.0.1,12.433333333333334,200,1
127.0.0.1,12.466666666666667,200,1
127.0.0.1,12.5,200,1
127.0.0.1,12.533333333333333,200,1
127.0.0.1,12.6,200,1
127.0.0.1,12.6,200,1
127.0.0.1,12.633333333333333,200,1
127.0.0.1,12.666666666666666,200,1
127.0.0.1,12.7,200,1
127.0.0.1,12.766666666666667,200,1
127.0.0.1,12.766666666666667,200,1
127.0.0.1,12.8,200,1
127.0.0.1,12.833333333333334,200,1
127.0.0.1,12.866666666666667,200,1
127.0.0.1,12.9,200,1
127.0.0.1,12.966666666666667,200,1
127.0.0.1,12.966666666666667,200,1
127.0.0.1,13.0,200,1
127.0.0.1,13.033333333333333,200,1
127.0.0.1,13.066666666666666,200,1
127.0.0.1,13.1,200,1
127.0.0.1,13.166666666666666,200,1
127.0.0.1,13.166666666666666,200,1
127.0.0.1,13.2,200,1
127.0.0.1,13.233333333333333,201,1
127.0.0.1,13.266666666666667,202,1
127.0.0.1,13.3,203,1
127.0.0.1,13.333333333333334,204,1
127.0.0.1,13.4,206,1
127.0.0.1,13.4,206,1
127.0.0.1,13.433333333333334,207,1
127.0.0.1,13.466666666666667,208,1
127.0.0.1,13.5,209,1
127.0.0.1,13.566666666666666,210,1
127.0.0.1,13.566666666666666,210,1
127.0.0.1,13.6,211,1
127.0.0.1,13.666666666666666,212,1
127.0.0.1,13.666666666666666,212,1
127.0.0.1,13.7,213,1
127.0.0.1,13.733333333333333,214,1
127.0.0.1,13.766666666666667,215,1
127.0.0.1,13.8,216,1
127.0.0.1,13.866666666666667,218,1
127.0.0.1,13.866666666666667,218,1
127.0.0.1,13.9,219,1
127.0.0.1,13.933333333333334,220,1
127.0.0.1,13.966666666666667,221,1
127.0.0.1,14.033333333333333,223,1
127.0.0.1,14.033333333333333,223,1
127.0.0.1,14.1,224,1
127.0.0.1,14.1,224,1
127.0.0.1,14.133333333333333,225,1
127.0.0.1,14.166666666666666,226,1
127.0.0.1,14.233333333333333,227,1
127.0.0.1,14.233333333333333,227,1
127.0.0.1,14.266666666666667,228,1
127.0.0.1,14.3,229,1
127.0.0.1,14.366666666666667,231,1
127.0.0.1,14.366666666666667,231,1
127.0.0.1,14.4,232,1
127.0.0.1,14.433333333333334,233,1
127.0.0.1,14.533333333333333,235,1
127.0.0.1,14.533333333333333,235,1
127.0.0.1,14.533333333333333,235,1
127.0.0.1,14.566666666666666,236,1
127.0.0.1,14.633333333333333,238,1
127.0.0.1,14.633333333333333,238,1
127.0.0.1,14.7,240,1
127.0.0.1,14.7,240,1
127.0.0.1,14.733333333333333,241,1
127.0.0.1,14.8,242,1
127.0.0.1,14.8,242,1
127.0.0.1,14.9,244,1
127.0.0.1,14.9,244,1
127.0.0.1,14.9,244,1
127.0.0.1,14.966666666666667,245,1
127.0.0.1,14.966666666666667,245,1
127.0.0.1,15.0,246,1
127.0.0.1,15.033333333333333,247,1
127.0.0.1,15.066666666666666,248,1
127.0.0.1,15.166666666666666,249,1
127.0.0.1,15.166666666666666,249,1
127.0.0.1,15.166666666666666,249,1
127.0.0.1,15.2,250,1
127.0.0.1,15.233333333333333,251,1
127.0.0.1,15.266666666666667,252,1
127.0.0.1,15.3,253,1
127.0.0.1,15.333333333333334,254,1
127.0.0.1,15.366666666666667,255,1
127.0.0.1,15.433333333333334,256,1
127.0.0.1,15.433333333333334,256,1
127.0.0.1,15.533333333333333,259,1
127.0.0.1,15.533333333333333,259,1
127.0.0.1,15.533333333333333,259,1
127.0.0.1,15.566666666666666,260,1
127.0.0.1,15.6,261,1
127.0.0.1,15.666666666666666,263,1
127.0.0.1,15.666666666666666,263,1
127.0.0.1,15.7,264,1
127.0.0.1,15.766666666666667,265,1
127.0.0.1,15.766666666666667,265,1
127.0.0.1,15.8,266,1
127.0.0.1,15.833333333333334,267,1
127.0.0.1,15.933333333333334,269,1
127.0.0.1,15.933333333333334,269,1
127.0.0.1,15.933333333333334,269,1
127.0.0.1,15.966666666666667,270,1
127.0.0.1,16.033333333333335,272,1
127.0.0.1,16.033333333333335,272,1
127.0.0.1,16.1,274,1
127.0.0.1,16.1,274,1
127.0.0.1,16.133333333333333,275,1
127.0.0.1,16.233333333333334,278,1
127.0.0.1,16.233333333333334,278,1
127.0.0.1,16.233333333333334,278,1
127.0.0.1,16.266666666666666,279,1
127.0.0.1,16.333333333333332,280,1
127.0.0.1,16.333333333333332,280,1
127.0.0.1,16.366666666666667,281,1
127.0.0.1,16.433333333333334,282,1
127.0.0.1,16.433333333333334,282,1
127.0.0.1,16.5,284,1
127.0.0.1,16.5,284,1
127.0.0.1,16.566666666666666,285,1
127.0.0.1,16.566666666666666,285,1
127.0.0.1,16.6,286,1
127.0.0.1,16.633333333333333,286,1
127.0.0.1,16.666666666666668,287,1
127.0.0.1,16.7,288,1
127.0.0.1,16.8,290,1
127.0.0.1,16.8,290,1
127.0.0.1,16.8,290,1
127.0.0.1,16.833333333333332,291,1
127.0.0.1,16.866666666666667,292,1
127.0.0.1,16.9,293,1
127.0.0.1,16.933333333333334,294,1
127.0.0.1,17.0,295,1
127.0.0.1,17.0,295,1
127.0.0.1,17.033333333333335,296,1
127.0.0.1,17.133333333333333,299,1
127.0.0.1,17.133333333333333,299,1
127.0.0.1,17.133333333333333,299,1
127.0.0.1,17.2,301,1
127.0.0.1,17.2,301,1
127.0.0.1,17.233333333333334,302,1
127.0.0.1,17.3,303,1
127.0.0.1,17.3,303,1
127.0.0.1,17.4,306,1
127.0.0.1,17.4,306,1
127.0.0.1,17.4,306,1
127.0.0.1,17.433333333333334,307,1
127.0.0.1,17.533333333333335,309,1
127.0.0.1,17.533333333333335,309,1
127.0.0.1,17.533333333333335,309,1
127.0.0.1,17.6,311,1
127.0.0.1,17.6,311,1
127.0.0.1,17.666666666666668,313,1
127.0.0.1,17.666666666666668,313,1
127.0.0.1,17.733333333333334,315,1
127.0.0.1,17.733333333333334,315,1
127.0.0.1,17.833333333333332,317,1
127.0.0.1,17.833333333333332,317,1
127.0.0.1,17.833333333333332,317,1
127.0.0.1,17.866666666666667,318,1
127.0.0.1,17.966666666666665,320,1
127.0.0.1,17.966666666666665,320,1
127.0.0.1,17.966666666666665,320,1
127.0.0.1,18.033333333333335,321,1
127.0.0.1,18.033333333333335,321,1
127.0.0.1,18.066666666666666,322,1
127.0.0.1,18.1,323,1
127.0.0.1,18.133333333333333,324,1
127.0.0.1,18.166666666666668,325,1
127.0.0.1,18.3,328,1
127.0.0.1,18.3,328,1
127.0.0.1,18.3,328,1
127.0.0.1,18.3,328,1
127.0.0.1,18.366666666666667,330,1
127.0.0.1,18.366666666666667,330,1
127.0.0.1,18.4,330,1
127.0.0.1,18.466666666666665,332,1
127.0.0.1,18.466666666666665,332,1
127.0.0.1,18.5,333,1
127.0.0.1,18.566666666666666,334,1
127.0.0.1,18.566666666666666,334,1
127.0.0.1,18.7,338,1
127.0.0.1,18.7,338,1
127.0.0.1,18.7,338,1
127.0.0.1,18.7,338,1
127.0.0.1,18.733333333333334,339,1
127.0.0.1,18.8,341,1
127.0.0.1,18.8,341,1
127.0.0.1,18.866666666666667,343,1
127.0.0.1,18.866666666666667,343,1
127.0.0.1,18.966666666666665,345,1
127.0.0.1,18.966666666666665,345,1
127.0.0.1,18.966666666666665,345,1
127.0.0.1,19.0,346,1
127.0.0.1,19.033333333333335,347,1
127.0.0.1,19.166666666666668,350,1
127.0.0.1,19.166666666666668,350,1
127.0.0.1,19.166666666666668,350,1
127.0.0.1,19.166666666666668,350,1
127.0.0.1,19.2,351,1
127.0.0.1,19.233333333333334,352,1
127.0.0.1,19.266666666666666,352,1
127.0.0.1,19.3,352,1
127.0.0.1,19.333333333333332,352,1
127.0.0.1,19.366666666666667,352,1
127.0.0.1,19.4,352,1
127.0.0.1,19.433333333333334,352,1
127.0.0.1,19.466666666666665,352,1
127.0.0.1,19.5,352,1
127.0.0.1,19.533333333333335,352,1
127.0.0.1,19.566666666666666,352,1
127.0.0.1,19.6,352,1
127.0.0.1,19.633333333333333,352,1
127.0.0.1,19.666666666666668,352,1
127.0.0.1,19.7,352,1
127.0.0.1,19.733333333333334,352,1
127.0.0.1,19.766666666666666,352,1
127.0.0.1,19.8,352,1
127.0.0.1,19.833333333333332,352,1
127.0.0.1,19.866666666666667,352,1
127.0.0.1,19.933333333333334,352,1
127.0.0.1,19.933333333333334,352,1
127.0.0.1,19.966666666666665,352,1
127.0.0.1,20.0,352,1
127.0.0.1,20.033333333333335,352,1
127.0.0.1,20.066666666666666,352,1
127.0.0.1,20.1,352,1
127.0.0.1,20.133333333333333,352,1
127.0.0.1,20.166666666666668,352,1
127.0.0.1,20.2,352,1
127.0.0.1,20.233333333333334,352,1
127.0.0.1,20.266666666666666,352,1
127.0.0.1,20.3,352,1
127.0.0.1,20.333333333333332,352,1
127.0.0.1,20.366666666666667,352,1
127.0.0.1,20.4,352,1
127.0.0.1,20.433333333333334,352,1
127.0.0.1,20.466666666666665,352,1
127.0.0.1,20.5,352,1
127.0.0.1,20.566666666666666,352,1
127.0.0.1,20.566666666666666,352,1
127.0.0.1,20.6,352,1
127.0.0.1,20.633333333333333,352,1
127.0.0.1,20.7,352,1
127.0.0.1,20.7,352,1
127.0.0.1,20.733333333333334,352,1
127.0.0.1,20.766666666666666,352,1
127.0.0.1,20.8,352,1
127.0.0.1,20.833333333333332,352,1
127.0.0.1,20.866666666666667,352,1
127.0.0.1,20.9,352,1
127.0.0.1,20.933333333333334,352,1
127.0.0.1,21.0,352,1
127.0.0.1,21.0,352,1
127.0.0.1,21.033333333333335,352,1
127.0.0.1,21.066666666666666,352,1
127.0.0.1,21.1,352,1
127.0.0.1,21.133333333333333,352,1
127.0.0.1,21.2,352,1
127.0.0.1,21.2,352,1
127.0.0.1,21.233333333333334,352,1
127.0.0.1,21.266666666666666,352,1
127.0.0.1,21.3,352,1
127.0.0.1,21.366666666666667,352,1
127.0.0.1,21.366666666666667,352,1
127.0.0.1,21.4,352,1
127.0.0.1,21.433333333333334,352,1
127.0.0.1,21.466666666666665,352,1
127.0.0.1,21.5,352,1
127.0.0.1,21.533333333333335,352,1
127.0.0.1,21.566666666666666,352,1
127.0.0.1,21.633333333333333,352,1
127.0.0.1,21.633333333333333,352,1
127.0.0.1,21.666666666666668,352,1
127.0.0.1,21.7,352,1
127.0.0.1,21.733333333333334,352,1
127.0.0.1,21.8,352,1
127.0.0.1,21.8,352,1
127.0.0.1,21.833333333333332,352,1
127.0.0.1,21.866666666666667,352,1
127.0.0.1,21.9,352,1
127.0.0.1,21.933333333333334,352,1
127.0.0.1,22.0,352,1
127.0.0.1,22.0,352,1
127.0.0.1,22.033333333333335,352,1
127.0.0.1,22.066666666666666,352,1
127.0.0.1,22.1,352,1
127.0.0.1,22.133333333333333,352,1
127.0.0.1,22.166666666666668,352,1
127.0.0.1,22.233333333333334,352,1
127.0.0.1,22.233333333333334,352,1
127.0.0.1,22.266666666666666,352,1
127.0.0.1,22.3,352,1
127.0.0.1,22.333333333333332,352,1
127.0.0.1,22.366666666666667,352,1
127.0.0.1,22.433333333333334,352,1
127.0.0.1,22.433333333333334,352,1
127.0.0.1,22.466666666666665,352,1
127.0.0.1,22.5,352,1
127.0.0.1,22.533333333333335,352,1
127.0.0.1,22.566666666666666,352,1
127.0.0.1,22.633333333333333,352,1
127.0.0.1,22.633333333333333,352,1
127.0.0.1,22.666666666666668,352,1
127.0.0.1,22.7,352,1
127.0.0.1,22.733333333333334,352,1
127.0.0.1,22.766666666666666,352,1
127.0.0.1,22.8,352,1
127.0.0.1,22.833333333333332,352,1
127.0.0.1,22.866666666666667,352,1
127.0.0.1,22.9,352,1
127.0.0.1,22.966666666666665,352,1
127.0.0.1,22.966666666666665,352,1
127.0.0.1,23.0,352,1
127.0.0.1,23.033333333333335,352,1
127.0.0.1,23.1,352,1
127.0.0.1,23.1,352,1
127.0.0.1,23.133333333333333,352,1
127.0.0.1,23.166666666666668,352,1
127.0.0.1,23.2,352,1
127.0.0.1,23.233333333333334,352,1
127.0.0.1,23.3,354,1
127.0.0.1,23.3,354,1
127.0.0.1,23.4,357,1
127.0.0.1,23.4,357,1
127.0.0.1,23.4,357,1
127.0.0.1,23.433333333333334,358,1
127.0.0.1,23.466666666666665,359,1
127.0.0.1,23.5,360,1
127.0.0.1,23.533333333333335,361,1
127.0.0.1,23.6,363,1
127.0.0.1,23.6,363,1
127.0.0.1,23.633333333333333,364,1
127.0.0.1,23.666666666666668,365,1
127.0.0.1,23.7,366,1
127.0.0.1,23.733333333333334,367,1
127.0.0.1,23.766666666666666,368,1
127.0.0.1,23.8,369,1
127.0.0.1,23.833333333333332,370,1
127.0.0.1,23.866666666666667,371,1
127.0.0.1,23.9,372,1
127.0.0.1,23.933333333333334,372,1
127.0.0.1,23.966666666666665,373,1
127.0.0.1,24.066666666666666,375,1
127.0.0.1,24.066666666666666,375,1
127.0.0.1,24.066666666666666,375,1
127.0.0.1,24.133333333333333,377,1
127.0.0.1,24.133333333333333,377,1
127.0.0.1,24.2,379,1
127.0.0.1,24.2,379,1
127.0.0.1,24.233333333333334,379,1
127.0.0.1,24.266666666666666,380,1
127.0.0.1,24.333333333333332,382,1
127.0.0.1,24.333333333333332,382,1
127.0.0.1,24.366666666666667,383,1
127.0.0.1,24.4,384,1
127.0.0.1,24.433333333333334,384,1
127.0.0.1,24.466666666666665,385,1
127.0.0.1,24.5,386,1
127.0.0.1,24.533333333333335,386,1
127.0.0.1,24.566666666666666,387,1
127.0.0.1,24.633333333333333,388,1
127.0.0.1,24.633333333333333,388,1
127.0.0.1,24.666666666666668,389,1
127.0.0.1,24.7,390,1
127.0.0.1,24.733333333333334,391,1
127.0.0.1,24.766666666666666,392,1
127.0.0.1,24.8,392,1
127.0.0.1,24.833333333333332,393,1
127.0.0.1,24.9,395,1
127.0.0.1,24.9,395,1
127.0.0.1,24.933333333333334,396,1
127.0.0.1,25.0,397,1
127.0.0.1,25.0,397,1
127.0.0.1,25.066666666666666,399,1
127.0.0.1,25.066666666666666,399,1
127.0.0.1,25.133333333333333,400,1
127.0.0.1,25.133333333333333,400,1
127.0.0.1,25.166666666666668,401,1
127.0.0.1,25.2,402,1
127.0.0.1,25.233333333333334,403,1
127.0.0.1,25.266666666666666,404,1
127.0.0.1,25.333333333333332,405,1
127.0.0.1,25.333333333333332,405,1
127.0.0.1,25.4,407,1
127.0.0.1,25.4,407,1
127.0.0.1,25.433333333333334,408,1
127.0.0.1,25.466666666666665,409,1
127.0.0.1,25.533333333333335,410,1
127.0.0.1,25.533333333333335,410,1
127.0.0.1,25.633333333333333,413,1
127.0.0.1,25.633333333333333,413,1
127.0.0.1,25.633333333333333,413,1
127.0.0.1,25.666666666666668,414,1
127.0.0.1,25.7,415,1
127.0.0.1,25.766666666666666,417,1
127.0.0.1,25.766666666666666,417,1
127.0.0.1,25.8,418,1
127.0.0.1,25.866666666666667,419,1
127.0.0.1,25.866666666666667,419,1
127.0.0.1,25.966666666666665,422,1
127.0.0.1,25.966666666666665,422,1
127.0.0.1,25.966666666666665,422,1
127.0.0.1,26.0,423,1
127.0.0.1,26.066666666666666,424,1
127.0.0.1,26.066666666666666,424,1
127.0.0.1,26.1,425,1
127.0.0.1,26.133333333333333,425,1
127.0.0.1,26.166666666666668,426,1
127.0.0.1,26.233333333333334,428,1
127.0.0.1,26.233333333333334,428,1
127.0.0.1,26.266666666666666,429,1
127.0.0.1,26.3,429,1
127.0.0.1,26.333333333333332,430,1
127.0.0.1,26.4,432,1
127.0.0.1,26.4,432,1
127.0.0.1,26.433333333333334,433,1
127.0.0.1,26.466666666666665,434,1
127.0.0.1,26.5,434,1
127.0.0.1,26.533333333333335,435,1
127.0.0.1,26.566666666666666,436,1
127.0.0.1,26.6,437,1
127.0.0.1,26.666666666666668,438,1
127.0.0.1,26.666666666666668,438,1
127.0.0.1,26.7,439,1
127.0.0.1,26.733333333333334,440,1
127.0.0.1,26.766666666666666,441,1
127.0.0.1,26.8,442,1
127.0.0.1,26.833333333333332,443,1
127.0.0.1,26.866666666666667,444,1
127.0.0.1,26.9,444,1
127.0.0.1,26.933333333333334,445,1
127.0.0.1,26.966666666666665,446,1
127.0.0.1,27.0,446,1
127.0.0.1,27.033333333333335,447,1
127.0.0.1,27.066666666666666,448,1
127.0.0.1,27.1,449,1
127.0.0.1,27.133333333333333,450,1
127.0.0.1,27.2,451,1
127.0.0.1,27.2,451,1
127.0.0.1,27.233333333333334,452,1
127.0.0.1,27.3,453,1
127.0.0.1,27.3,453,1
127.0.0.1,27.333333333333332,454,1
127.0.0.1,27.366666666666667,455,1
127.0.0.1,27.4,456,1
127.0.0.1,27.466666666666665,458,1
127.0.0.1,27.466666666666665,458,1
127.0.0.1,27.5,459,1
127.0.0.1,27.566666666666666,460,1
127.0.0.1,27.566666666666666,460,1
127.0.0.1,27.6,461,1
127.0.0.1,27.666666666666668,462,1
127.0.0.1,27.666666666666668,462,1
127.0.0.1,27.7,463,1
127.0.0.1,27.733333333333334,464,1
127.0.0.1,27.766666666666666,465,1
127.0.0.1,27.8,466,1
127.0.0.1,27.833333333333332,467,1
127.0.0.1,27.866666666666667,468,1
127.0.0.1,27.933333333333334,469,1
127.0.0.1,27.933333333333334,469,1
127.0.0.1,27.966666666666665,470,1
127.0.0.1,28.0,471,1
127.0.0.1,28.1,473,1
127.0.0.1,28.1,473,1
127.0.0.1,28.1,473,1
127.0.0.1,28.133333333333333,474,1
127.0.0.1,28.166666666666668,475,1
127.0.0.1,28.2,476,1
127.0.0.1,28.233333333333334,477,1
127.0.0.1,28.266666666666666,478,1
127.0.0.1,28.3,479,1
127.0.0.1,28.366666666666667,481,1
127.0.0.1,28.366666666666667,481,1
127.0.0.1,28.433333333333334,482,1
127.0.0.1,28.433333333333334,482,1
127.0.0.1,28.466666666666665,483,1
127.0.0.1,28.5,484,1
127.0.0.1,28.533333333333335,484,1
127.0.0.1,28.566666666666666,485,1
127.0.0.1,28.6,486,1
127.0.0.1,28.633333333333333,487,1
127.0.0.1,28.666666666666668,488,1
127.0.0.1,28.7,489,1
127.0.0.1,28.733333333333334,489,1
127.0.0.1,28.766666666666666,490,1
127.0.0.1,28.8,491,1
127.0.0.1,28.833333333333332,492,1
127.0.0.1,28.9,494,1
127.0.0.1,28.9,494,1
127.0.0.1,28.933333333333334,495,1
127.0.0.1,28.966666666666665,496,1
127.0.0.1,29.0,497,1
127.0.0.1,29.066666666666666,498,1
127.0.0.1,29.066666666666666,498,1
127.0.0.1,29.1,499,1
127.0.0.1,29.133333333333333,500,1
127.0.0.1,29.2,501,1
127.0.0.1,29.2,501,1
127.0.0.1,29.233333333333334,502,1
127.0.0.1,29.266666666666666,503,1
127.0.0.1,29.3,503,1
127.0.0.1,29.333333333333332,503,1
127.0.0.1,29.366666666666667,503,1
127.0.0.1,29.4,503,1
127.0.0.1,29.433333333333334,503,1
127.0.0.1,29.466666666666665,503,1
127.0.0.1,29.5,503,1
127.0.0.1,29.533333333333335,503,1
127.0.0.1,29.566666666666666,503,1
127.0.0.1,29.6,503,1
127.0.0.1,29.633333333333333,503,1
127.0.0.1,29.666666666666668,503,1
127.0.0.1,29.733333333333334,503,1
127.0.0.1,29.733333333333334,503,1
127.0.0.1,29.766666666666666,503,1
127.0.0.1,29.8,503,1
127.0.0.1,29.833333333333332,503,1
127.0.0.1,29.866666666666667,503,1
127.0.0.1,29.9,503,1
127.0.0.1,29.933333333333334,503,1
127.0.0.1,29.966666666666665,503,1
127.0.0.1,30.0,503,1
127.0.0.1,30.033333333333335,503,1
127.0.0.1,30.066666666666666,503,1
127.0.0.1,30.1,503,1
127.0.0.1,30.133333333333333,503,1
127.0.0.1,30.166666666666668,503,1
127.0.0.1,30.2,503,1
127.0.0.1,30.233333333333334,503,1
127.0.0.1,30.266666666666666,503,1
127.0.0.1,30.3,503,1
127.0.0.1,30.333333333333332,503,1
127.0.0.1,30.366666666666667,503,1
127.0.0.1,30.4,503,1
127.0.0.1,30.433333333333334,503,1
127.0.0.1,30.466666666666665,503,1
127.0.0.1,30.5,503,1
127.0.0.1,30.533333333333335,503,1
127.0.0.1,30.566666666666666,503,1
127.0.0.1,30.6,503,1
127.0.0.1,30.633333333333333,503,1
127.0.0.1,30.666666666666668,503,1
127.0.0.1,30.7,503,1
127.0.0.1,30.733333333333334,503,1
127.0.0.1,30.766666666666666,503,1
127.0.0.1,30.8,503,1
127.0.0.1,30.833333333333332,503,1
127.0.0.1,30.866666666666667,503,1
127.0.0.1,30.9,503,1
127.0.0.1,30.933333333333334,503,1
127.0.0.1,30.966666666666665,503,1
127.0.0.1,31.0,503,1
127.0.0.1,31.033333333333335,503,1
127.0.0.1,31.066666666666666,503,1
127.0.0.1,31.1,503,1
127.0.0.1,31.133333333333333,503,1
127.0.0.1,31.166666666666668,503,1
127.0.0.1,31.2,503,1
127.0.0.1,31.233333333333334,503,1
127.0.0.1,31.266666666666666,503,1
127.0.0.1,31.3,503,1
127.0.0.1,31.333333333333332,503,1
127.0.0.1,31.366666666666667,503,1
127.0.0.1,31.4,503,1
127.0.0.1,31.433333333333334,503,1
127.0.0.1,31.466666666666665,503,1
127.0.0.1,31.5,503,1
127.0.0.1,31.533333333333335,503,1
127.0.0.1,31.566666666666666,503,1
127.0.0.1,31.6,503,1
127.0.0.1,31.633333333333333,503,1
127.0.0.1,31.7,503,1
127.0.0.1,31.7,503,1
127.0.0.1,31.733333333333334,503,1
127.0.0.1,31.766666666666666,503,1
127.0.0.1,31.8,503,1
127.0.0.1,31.833333333333332,503,1
127.0.0.1,31.866666666666667,503,1
127.0.0.1,31.9,503,1
127.0.0.1,31.933333333333334,503,1
127.0.0.1,31.966666666666665,503,1
127.0.0.1,32.0,503,1
127.0.0.1,32.03333333333333,503,1
127.0.0.1,32.06666666666667,503,1
127.0.0.1,32.1,503,1
127.0.0.1,32.166666666666664,503,1
127.0.0.1,32.166666666666664,503,1
127.0.0.1,32.2,503,1
127.0.0.1,32.266666666666666,503,1
127.0.0.1,32.266666666666666,503,1
127.0.0.1,32.3,504,1
127.0.0.1,32.333333333333336,504,1
127.0.0.1,32.36666666666667,504,1
127.0.0.1,32.4,504,1
127.0.0.1,32.43333333333333,504,1
127.0.0.1,32.46666666666667,504,1
127.0.0.1,32.5,504,1
127.0.0.1,32.56666666666667,504,1
127.0.0.1,32.56666666666667,504,1
127.0.0.1,32.6,504,1
127.0.0.1,32.63333333333333,504,1
127.0.0.1,32.666666666666664,504,1
127.0.0.1,32.7,504,1
127.0.0.1,32.733333333333334,504,1
127.0.0.1,32.8,504,1
127.0.0.1,32.8,504,1
127.0.0.1,32.833333333333336,504,1
127.0.0.1,32.9,504,1
127.0.0.1,32.9,504,1
127.0.0.1,32.93333333333333,504,1
127.0.0.1,33.0,504,1
127.0.0.1,33.0,504,1
127.0.0.1,33.06666666666667,504,1
127.0.0.1,33.06666666666667,504,1
127.0.0.1,33.1,504,1
127.0.0.1,33.13333333333333,504,1
127.0.0.1,33.166666666666664,504,1
127.0.0.1,33.2,504,1
127.0.0.1,33.233333333333334,504,1
127.0.0.1,33.266666666666666,504,1
127.0.0.1,33.3,505,1
127.0.0.1,33.333333333333336,506,1
127.0.0.1,33.4,508,1
127.0.0.1,33.4,508,1
127.0.0.1,33.43333333333333,509,1
127.0.0.1,33.46666666666667,509,1
127.0.0.1,33.5,510,1
127.0.0.1,33.53333333333333,511,1
127.0.0.1,33.56666666666667,512,1
127.0.0.1,33.6,513,1
127.0.0.1,33.63333333333333,514,1
127.0.0.1,33.666666666666664,515,1
127.0.0.1,33.7,516,1
127.0.0.1,33.766666666666666,518,1
127.0.0.1,33.766666666666666,518,1
127.0.0.1,33.833333333333336,519,1
127.0.0.1,33.833333333333336,519,1
127.0.0.1,33.9,521,1
127.0.0.1,33.9,521,1
127.0.0.1,33.93333333333333,522,1
127.0.0.1,33.96666666666667,523,1
127.0.0.1,34.0,524,1
127.0.0.1,34.03333333333333,525,1
127.0.0.1,34.06666666666667,526,1
127.0.0.1,34.1,527,1
127.0.0.1,34.13333333333333,528,1
127.0.0.1,34.166666666666664,528,1
127.0.0.1,34.2,529,1
127.0.0.1,34.233333333333334,530,1
127.0.0.1,34.266666666666666,531,1
127.0.0.1,34.333333333333336,533,1
127.0.0.1,34.333333333333336,533,1
127.0.0.1,34.36666666666667,533,1
127.0.0.1,34.4,534,1
127.0.0.1,34.46666666666667,536,1
127.0.0.1,34.46666666666667,536,1
127.0.0.1,34.5,537,1
127.0.0.1,34.53333333333333,538,1
127.0.0.1,34.56666666666667,539,1
127.0.0.1,34.6,540,1
127.0.0.1,34.666666666666664,542,1
127.0.0.1,34.666666666666664,542,1
127.0.0.1,34.733333333333334,543,1
127.0.0.1,34.733333333333334,543,1
127.0.0.1,34.766666666666666,544,1
127.0.0.1,34.8,545,1
127.0.0.1,34.833333333333336,546,1
127.0.0.1,34.9,548,1
127.0.0.1,34.9,548,1
127.0.0.1,34.96666666666667,549,1
127.0.0.1,34.96666666666667,549,1
127.0.0.1,35.0,550,1
127.0.0.1,35.03333333333333,551,1
127.0.0.1,35.06666666666667,552,1
127.0.0.1,35.166666666666664,554,1
127.0.0.1,35.166666666666664,554,1
127.0.0.1,35.166666666666664,554,1
127.0.0.1,35.233333333333334,556,1
127.0.0.1,35.233333333333334,556,1
127.0.0.1,35.3,558,1
127.0.0.1,35.3,558,1
127.0.0.1,35.333333333333336,558,1
127.0.0.1,35.4,559,1
127.0.0.1,35.4,559,1
127.0.0.1,35.43333333333333,560,1
127.0.0.1,35.46666666666667,561,1
127.0.0.1,35.5,561,1
127.0.0.1,35.53333333333333,562,1
127.0.0.1,35.56666666666667,563,1
127.0.0.1,35.63333333333333,565,1
127.0.0.1,35.63333333333333,565,1
127.0.0.1,35.666666666666664,566,1
127.0.0.1,35.733333333333334,567,1
127.0.0.1,35.733333333333334,567,1
127.0.0.1,35.8,569,1
127.0.0.1,35.8,569,1
127.0.0.1,35.833333333333336,570,1
127.0.0.1,35.86666666666667,571,1
127.0.0.1,35.9,572,1
127.0.0.1,35.93333333333333,572,1
127.0.0.1,35.96666666666667,573,1
127.0.0.1,36.03333333333333,575,1
127.0.0.1,36.03333333333333,575,1
127.0.0.1,36.06666666666667,575,1
127.0.0.1,36.1,576,1
127.0.0.1,36.13333333333333,577,1
127.0.0.1,36.166666666666664,578,1
127.0.0.1,36.233333333333334,579,1
127.0.0.1,36.233333333333334,579,1
127.0.0.1,36.266666666666666,580,1
127.0.0.1,36.3,581,1
127.0.0.1,36.333333333333336,582,1
127.0.0.1,36.36666666666667,583,1
127.0.0.1,36.43333333333333,584,1
127.0.0.1,36.43333333333333,584,1
127.0.0.1,36.46666666666667,585,1
127.0.0.1,36.5,586,1
127.0.0.1,36.56666666666667,588,1
127.0.0.1,36.56666666666667,588,1
127.0.0.1,36.63333333333333,590,1
127.0.0.1,36.63333333333333,590,1
127.0.0.1,36.7,592,1
127.0.0.1,36.7,592,1
127.0.0.1,36.733333333333334,592,1
127.0.0.1,36.766666666666666,593,1
127.0.0.1,36.833333333333336,595,1
127.0.0.1,36.833333333333336,595,1
127.0.0.1,36.86666666666667,596,1
127.0.0.1,36.9,597,1
127.0.0.1,36.96666666666667,598,1
127.0.0.1,36.96666666666667,598,1
127.0.0.1,37.03333333333333,599,1
127.0.0.1,37.03333333333333,599,1
127.0.0.1,37.1,601,1
127.0.0.1,37.1,601,1
127.0.0.1,37.13333333333333,601,1
127.0.0.1,37.166666666666664,602,1
127.0.0.1,37.2,603,1
127.0.0.1,37.233333333333334,604,1
127.0.0.1,37.266666666666666,605,1
127.0.0.1,37.3,605,1
127.0.0.1,37.333333333333336,606,1
127.0.0.1,37.36666666666667,607,1
127.0.0.1,37.43333333333333,609,1
127.0.0.1,37.43333333333333,609,1
127.0.0.1,37.46666666666667,610,1
127.0.0.1,37.53333333333333,611,1
127.0.0.1,37.53333333333333,611,1
127.0.0.1,37.6,613,1
127.0.0.1,37.6,613,1
127.0.0.1,37.63333333333333,614,1
127.0.0.1,37.7,616,1
127.0.0.1,37.7,616,1
127.0.0.1,37.766666666666666,618,1
127.0.0.1,37.766666666666666,618,1
127.0.0.1,37.8,619,1
127.0.0.1,37.833333333333336,619,1
127.0.0.1,37.86666666666667,620,1
127.0.0.1,37.93333333333333,622,1
127.0.0.1,37.93333333333333,622,1
127.0.0.1,38.0,623,1
127.0.0.1,38.0,623,1
127.0.0.1,38.03333333333333,624,1
127.0.0.1,38.06666666666667,625,1
127.0.0.1,38.13333333333333,627,1
127.0.0.1,38.13333333333333,627,1
127.0.0.1,38.2,628,1
127.0.0.1,38.2,628,1
127.0.0.1,38.233333333333334,628,1
127.0.0.1,38.3,630,1
127.0.0.1,38.3,630,1
127.0.0.1,38.36666666666667,632,1
127.0.0.1,38.36666666666667,632,1
127.0.0.1,38.4,633,1
127.0.0.1,38.46666666666667,634,1
127.0.0.1,38.46666666666667,634,1
127.0.0.1,38.5,635,1
127.0.0.1,38.53333333333333,636,1
127.0.0.1,38.56666666666667,637,1
127.0.0.1,38.6,638,1
127.0.0.1,38.63333333333333,639,1
127.0.0.1,38.733333333333334,641,1
127.0.0.1,38.733333333333334,641,1
127.0.0.1,38.733333333333334,641,1
127.0.0.1,38.766666666666666,642,1
127.0.0.1,38.8,643,1
127.0.0.1,38.86666666666667,645,1
127.0.0.1,38.86666666666667,645,1
127.0.0.1,38.9,646,1
127.0.0.1,38.96666666666667,648,1
127.0.0.1,38.96666666666667,648,1
127.0.0.1,39.06666666666667,650,1
127.0.0.1,39.06666666666667,650,1
127.0.0.1,39.06666666666667,650,1
127.0.0.1,39.166666666666664,652,1
127.0.0.1,39.166666666666664,652,1
127.0.0.1,39.166666666666664,652,1
127.0.0.1,39.2,653,1
127.0.0.1,39.266666666666666,654,1
127.0.0.1,39.266666666666666,654,1
127.0.0.1,39.3,654,1
127.0.0.1,39.333333333333336,654,1
127.0.0.1,39.36666666666667,654,1
127.0.0.1,39.4,654,1
127.0.0.1,39.43333333333333,654,1
127.0.0.1,39.46666666666667,654,1
127.0.0.1,39.5,654,1
127.0.0.1,39.53333333333333,654,1
127.0.0.1,39.56666666666667,654,1
127.0.0.1,39.6,654,1
127.0.0.1,39.63333333333333,654,1
127.0.0.1,39.666666666666664,654,1
127.0.0.1,39.7,654,1
127.0.0.1,39.733333333333334,655,1
127.0.0.1,39.766666666666666,655,1
127.0.0.1,39.8,655,1
127.0.0.1,39.833333333333336,655,1
127.0.0.1,39.86666666666667,655,1
127.0.0.1,39.9,655,1
127.0.0.1,39.93333333333333,655,1
127.0.0.1,39.96666666666667,655,1
127.0.0.1,40.0,655,1
127.0.0.1,40.03333333333333,655,1
127.0.0.1,40.06666666666667,655,1
127.0.0.1,40.1,655,1
127.0.0.1,40.13333333333333,655,1
127.0.0.1,40.166666666666664,655,1
127.0.0.1,40.2,655,1
127.0.0.1,40.233333333333334,655,1
127.0.0.1,40.3,655,1
127.0.0.1,40.3,655,1
127.0.0.1,40.333333333333336,655,1
127.0.0.1,40.4,655,1
127.0.0.1,40.4,655,1
127.0.0.1,40.43333333333333,655,1
127.0.0.1,40.46666666666667,655,1
127.0.0.1,40.5,655,1
127.0.0.1,40.53333333333333,655,1
127.0.0.1,40.6,655,1
127.0.0.1,40.6,655,1
127.0.0.1,40.63333333333333,655,1
127.0.0.1,40.666666666666664,655,1
127.0.0.1,40.733333333333334,655,1
127.0.0.1,40.733333333333334,655,1
127.0.0.1,40.766666666666666,655,1
127.0.0.1,40.8,655,1
127.0.0.1,40.833333333333336,655,1
127.0.0.1,40.86666666666667,655,1
127.0.0.1,40.9,655,1
127.0.0.1,40.93333333333333,655,1
127.0.0.1,40.96666666666667,655,1
127.0.0.1,41.0,655,1
127.0.0.1,41.03333333333333,655,1
127.0.0.1,41.06666666666667,655,1
127.0.0.1,41.13333333333333,655,1
127.0.0.1,41.13333333333333,655,1
127.0.0.1,41.2,655,1
127.0.0.1,41.2,655,1
127.0.0.1,41.233333333333334,655,1
127.0.0.1,41.266666666666666,655,1
127.0.0.1,41.3,655,1
127.0.0.1,41.333333333333336,655,1
127.0.0.1,41.36666666666667,655,1
127.0.0.1,41.43333333333333,655,1
127.0.0.1,41.43333333333333,655,1
127.0.0.1,41.46666666666667,655,1
127.0.0.1,41.5,655,1
127.0.0.1,41.56666666666667,655,1
127.0.0.1,41.56666666666667,655,1
127.0.0.1,41.6,655,1
127.0.0.1,41.63333333333333,655,1
127.0.0.1,41.666666666666664,655,1
127.0.0.1,41.7,655,1
127.0.0.1,41.733333333333334,655,1
127.0.0.1,41.766666666666666,655,1
127.0.0.1,41.8,655,1
127.0.0.1,41.833333333333336,655,1
127.0.0.1,41.86666666666667,655,1
127.0.0.1,41.9,655,1
127.0.0.1,41.93333333333333,655,1
127.0.0.1,41.96666666666667,655,1
127.0.0.1,42.0,655,1
127.0.0.1,42.06666666666667,655,1
127.0.0.1,42.06666666666667,655,1
127.0.0.1,42.1,655,1
127.0.0.1,42.13333333333333,655,1
127.0.0.1,42.2,655,1
127.0.0.1,42.2,655,1
127.0.0.1,42.233333333333334,655,1
127.0.0.1,42.266666666666666,655,1
127.0.0.1,42.3,655,1
127.0.0.1,42.333333333333336,655,1
127.0.0.1,42.36666666666667,655,1
127.0.0.1,42.4,655,1
127.0.0.1,42.43333333333333,655,1
127.0.0.1,42.46666666666667,655,1
127.0.0.1,42.5,655,1
127.0.0.1,42.56666666666667,655,1
127.0.0.1,42.56666666666667,655,1
127.0.0.1,42.6,655,1
127.0.0.1,42.63333333333333,655,1
127.0.0.1,42.666666666666664,655,1
127.0.0.1,42.7,655,1
127.0.0.1,42.766666666666666,655,1
127.0.0.1,42.766666666666666,655,1
127.0.0.1,42.8,655,1
127.0.0.1,42.833333333333336,655,1
127.0.0.1,42.86666666666667,655,1
127.0.0.1,42.9,655,1
127.0.0.1,42.93333333333333,655,1
127.0.0.1,42.96666666666667,655,1
127.0.0.1,43.0,655,1
127.0.0.1,43.03333333333333,655,1
127.0.0.1,43.06666666666667,655,1
127.0.0.1,43.13333333333333,655,1
127.0.0.1,43.13333333333333,655,1
127.0.0.1,43.166666666666664,655,1
127.0.0.1,43.233333333333334,655,1
127.0.0.1,43.233333333333334,655,1
127.0.0.1,43.266666666666666,656,1
127.0.0.1,43.333333333333336,658,1
127.0.0.1,43.333333333333336,658,1
127.0.0.1,43.4,659,1
127.0.0.1,43.4,659,1
127.0.0.1,43.46666666666667,661,1
127.0.0.1,43.46666666666667,661,1
127.0.0.1,43.5,662,1
127.0.0.1,43.6,664,1
127.0.0.1,43.6,664,1
127.0.0.1,43.6,664,1
127.0.0.1,43.63333333333333,665,1
127.0.0.1,43.666666666666664,666,1
127.0.0.1,43.7,667,1
127.0.0.1,43.766666666666666,668,1
127.0.0.1,43.766666666666666,668,1
127.0.0.1,43.8,669,1
127.0.0.1,43.833333333333336,670,1
127.0.0.1,43.86666666666667,670,1
127.0.0.1,43.9,671,1
127.0.0.1,43.93333333333333,672,1
127.0.0.1,43.96666666666667,673,1
127.0.0.1,44.0,673,1
127.0.0.1,44.03333333333333,674,1
127.0.0.1,44.06666666666667,675,1
127.0.0.1,44.1,676,1
127.0.0.1,44.13333333333333,677,1
127.0.0.1,44.166666666666664,678,1
127.0.0.1,44.2,678,1
127.0.0.1,44.233333333333334,679,1
127.0.0.1,44.266666666666666,680,1
127.0.0.1,44.3,681,1
127.0.0.1,44.333333333333336,682,1
127.0.0.1,44.36666666666667,683,1
127.0.0.1,44.4,684,1
127.0.0.1,44.43333333333333,684,1
127.0.0.1,44.46666666666667,685,1
127.0.0.1,44.5,686,1
127.0.0.1,44.53333333333333,686,1
127.0.0.1,44.56666666666667,687,1
127.0.0.1,44.6,688,1
127.0.0.1,44.63333333333333,689,1
127.0.0.1,44.666666666666664,690,1
127.0.0.1,44.7,691,1
127.0.0.1,44.733333333333334,692,1
127.0.0.1,44.766666666666666,693,1
127.0.0.1,44.8,694,1
127.0.0.1,44.833333333333336,695,1
127.0.0.1,44.86666666666667,695,1
127.0.0.1,44.9,696,1
127.0.0.1,44.93333333333333,697,1
127.0.0.1,44.96666666666667,698,1
127.0.0.1,45.0,699,1
127.0.0.1,45.03333333333333,699,1
127.0.0.1,45.06666666666667,700,1
127.0.0.1,45.1,701,1
127.0.0.1,45.13333333333333,702,1
127.0.0.1,45.166666666666664,703,1
127.0.0.1,45.2,704,1
127.0.0.1,45.266666666666666,705,1
127.0.0.1,45.266666666666666,705,1
127.0.0.1,45.3,706,1
127.0.0.1,45.333333333333336,707,1
127.0.0.1,45.36666666666667,708,1
127.0.0.1,45.4,709,1
127.0.0.1,45.43333333333333,710,1
127.0.0.1,45.46666666666667,711,1
127.0.0.1,45.53333333333333,712,1
127.0.0.1,45.53333333333333,712,1
127.0.0.1,45.56666666666667,713,1
127.0.0.1,45.6,714,1
127.0.0.1,45.63333333333333,715,1
127.0.0.1,45.666666666666664,715,1
127.0.0.1,45.7,716,1
127.0.0.1,45.733333333333334,717,1
127.0.0.1,45.766666666666666,718,1
127.0.0.1,45.8,719,1
127.0.0.1,45.833333333333336,720,1
127.0.0.1,45.9,721,1
127.0.0.1,45.9,721,1
127.0.0.1,45.93333333333333,722,1
127.0.0.1,45.96666666666667,722,1
127.0.0.1,46.0,723,1
127.0.0.1,46.03333333333333,724,1
127.0.0.1,46.06666666666667,725,1
127.0.0.1,46.13333333333333,726,1
127.0.0.1,46.13333333333333,726,1
127.0.0.1,46.166666666666664,727,1
127.0.0.1,46.2,728,1
127.0.0.1,46.233333333333334,729,1
127.0.0.1,46.266666666666666,730,1
127.0.0.1,46.3,731,1
127.0.0.1,46.36666666666667,732,1
127.0.0.1,46.36666666666667,732,1
127.0.0.1,46.4,733,1
127.0.0.1,46.43333333333333,734,1
127.0.0.1,46.46666666666667,735,1
127.0.0.1,46.5,736,1
127.0.0.1,46.53333333333333,737,1
127.0.0.1,46.63333333333333,739,1
127.0.0.1,46.63333333333333,739,1
127.0.0.1,46.63333333333333,739,1
127.0.0.1,46.666666666666664,740,1
127.0.0.1,46.7,741,1
127.0.0.1,46.733333333333334,742,1
127.0.0.1,46.8,743,1
127.0.0.1,46.8,743,1
127.0.0.1,46.833333333333336,744,1
127.0.0.1,46.86666666666667,745,1
127.0.0.1,46.9,746,1
127.0.0.1,47.0,749,1
127.0.0.1,47.0,749,1
127.0.0.1,47.0,749,1
127.0.0.1,47.03333333333333,750,1
127.0.0.1,47.06666666666667,750,1
127.0.0.1,47.1,751,1
127.0.0.1,47.13333333333333,752,1
127.0.0.1,47.166666666666664,753,1
127.0.0.1,47.2,754,1
127.0.0.1,47.233333333333334,755,1
127.0.0.1,47.3,756,1
127.0.0.1,47.3,756,1
127.0.0.1,47.333333333333336,757,1
127.0.0.1,47.36666666666667,757,1
127.0.0.1,47.4,758,1
127.0.0.1,47.43333333333333,758,1
127.0.0.1,47.46666666666667,759,1
127.0.0.1,47.5,759,1
127.0.0.1,47.53333333333333,760,1
127.0.0.1,47.6,762,1
127.0.0.1,47.6,762,1
127.0.0.1,47.63333333333333,763,1
127.0.0.1,47.666666666666664,764,1
127.0.0.1,47.7,765,1
127.0.0.1,47.733333333333334,766,1
127.0.0.1,47.766666666666666,767,1
127.0.0.1,47.833333333333336,769,1
127.0.0.1,47.833333333333336,769,1
127.0.0.1,47.86666666666667,770,1
127.0.0.1,47.9,770,1
127.0.0.1,47.93333333333333,771,1
127.0.0.1,47.96666666666667,772,1
127.0.0.1,48.0,773,1
127.0.0.1,48.03333333333333,773,1
127.0.0.1,48.06666666666667,774,1
127.0.0.1,48.1,775,1
127.0.0.1,48.13333333333333,776,1
127.0.0.1,48.166666666666664,777,1
127.0.0.1,48.2,778,1
127.0.0.1,48.233333333333334,778,1
127.0.0.1,48.266666666666666,778,1
127.0.0.1,48.3,779,1
127.0.0.1,48.36666666666667,781,1
127.0.0.1,48.36666666666667,781,1
127.0.0.1,48.4,782,1
127.0.0.1,48.43333333333333,783,1
127.0.0.1,48.46666666666667,783,1
127.0.0.1,48.5,784,1
127.0.0.1,48.53333333333333,785,1
127.0.0.1,48.56666666666667,785,1
127.0.0.1,48.6,786,1
127.0.0.1,48.666666666666664,788,1
127.0.0.1,48.666666666666664,788,1
127.0.0.1,48.7,789,1
127.0.0.1,48.733333333333334,790,1
127.0.0.1,48.766666666666666,791,1
127.0.0.1,48.833333333333336,792,1
127.0.0.1,48.833333333333336,792,1
127.0.0.1,48.86666666666667,793,1
127.0.0.1,48.9,794,1
127.0.0.1,48.93333333333333,795,1
127.0.0.1,49.0,797,1
127.0.0.1,49.0,797,1
127.0.0.1,49.03333333333333,798,1
127.0.0.1,49.13333333333333,800,1
127.0.0.1,49.13333333333333,800,1
127.0.0.1,49.13333333333333,800,1
127.0.0.1,49.2,802,1
127.0.0.1,49.2,802,1
127.0.0.1,49.266666666666666,804,1
127.0.0.1,49.266666666666666,804,1
127.0.0.1,49.3,804,1
127.0.0.1,49.333333333333336,804,1
127.0.0.1,49.36666666666667,804,1
127.0.0.1,49.4,804,1
127.0.0.1,49.43333333333333,804,1
127.0.0.1,49.46666666666667,804,1
127.0.0.1,49.5,804,1
127.0.0.1,49.53333333333333,804,1
127.0.0.1,49.56666666666667,804,1
127.0.0.1,49.6,804,1
127.0.0.1,49.63333333333333,804,1
127.0.0.1,49.666666666666664,804,1
127.0.0.1,49.7,804,1
127.0.0.1,49.733333333333334,804,1
127.0.0.1,49.766666666666666,804,1
127.0.0.1,49.8,804,1
127.0.0.1,49.833333333333336,804,1
127.0.0.1,49.86666666666667,804,1
127.0.0.1,49.9,804,1
127.0.0.1,49.93333333333333,804,1
127.0.0.1,49.96666666666667,804,1
127.0.0.1,50.0,804,1
127.0.0.1,50.03333333333333,804,1
127.0.0.1,50.06666666666667,804,1
127.0.0.1,50.1,804,1
127.0.0.1,50.13333333333333,804,1
127.0.0.1,50.166666666666664,804,1
127.0.0.1,50.2,804,1
127.0.0.1,50.233333333333334,804,1
127.0.0.1,50.266666666666666,804,1
127.0.0.1,50.3,804,1
127.0.0.1,50.333333333333336,804,1
127.0.0.1,50.36666666666667,804,1
127.0.0.1,50.4,804,1
127.0.0.1,50.43333333333333,804,1
127.0.0.1,50.46666666666667,804,1
127.0.0.1,50.5,804,1
127.0.0.1,50.53333333333333,804,1
127.0.0.1,50.56666666666667,804,1
127.0.0.1,50.6,804,1
127.0.0.1,50.63333333333333,804,1
127.0.0.1,50.666666666666664,804,1
127.0.0.1,50.7,804,1
127.0.0.1,50.733333333333334,804,1
127.0.0.1,50.766666666666666,804,1
127.0.0.1,50.8,804,1
127.0.0.1,50.833333333333336,804,1
127.0.0.1,50.86666666666667,804,1
127.0.0.1,50.9,804,1
127.0.0.1,50.93333333333333,804,1
127.0.0.1,50.96666666666667,804,1
127.0.0.1,51.0,804,1
127.0.0.1,51.03333333333333,804,1
127.0.0.1,51.06666666666667,804,1
127.0.0.1,51.13333333333333,804,1
127.0.0.1,51.13333333333333,804,1
127.0.0.1,51.166666666666664,804,1
127.0.0.1,51.2,804,1
127.0.0.1,51.233333333333334,804,1
127.0.0.1,51.266666666666666,804,1
127.0.0.1,51.3,804,1
127.0.0.1,51.333333333333336,804,1
127.0.0.1,51.36666666666667,804,1
127.0.0.1,51.4,804,1
127.0.0.1,51.43333333333333,804,1
127.0.0.1,51.46666666666667,804,1
127.0.0.1,51.5,804,1
127.0.0.1,51.53333333333333,804,1
127.0.0.1,51.6,804,1
127.0.0.1,51.6,804,1
127.0.0.1,51.63333333333333,804,1
127.0.0.1,51.7,804,1
127.0.0.1,51.7,804,1
127.0.0.1,51.733333333333334,804,1
127.0.0.1,51.766666666666666,804,1
127.0.0.1,51.8,804,1
127.0.0.1,51.833333333333336,805,1
127.0.0.1,51.86666666666667,805,1
127.0.0.1,51.9,805,1
127.0.0.1,51.93333333333333,805,1
127.0.0.1,51.96666666666667,805,1
127.0.0.1,52.0,805,1
127.0.0.1,52.03333333333333,805,1
127.0.0.1,52.06666666666667,805,1
127.0.0.1,52.13333333333333,805,1
127.0.0.1,52.13333333333333,805,1
127.0.0.1,52.166666666666664,805,1
127.0.0.1,52.2,805,1
127.0.0.1,52.233333333333334,805,1
127.0.0.1,52.266666666666666,805,1
127.0.0.1,52.3,805,1
127.0.0.1,52.36666666666667,805,1
127.0.0.1,52.36666666666667,805,1
127.0.0.1,52.43333333333333,805,1
127.0.0.1,52.43333333333333,805,1
127.0.0.1,52.46666666666667,805,1
127.0.0.1,52.5,805,1
127.0.0.1,52.53333333333333,805,1
127.0.0.1,52.56666666666667,805,1
127.0.0.1,52.6,805,1
127.0.0.1,52.63333333333333,805,1
127.0.0.1,52.666666666666664,805,1
127.0.0.1,52.7,805,1
127.0.0.1,52.733333333333334,805,1
127.0.0.1,52.8,805,1
127.0.0.1,52.8,805,1
127.0.0.1,52.833333333333336,805,1
127.0.0.1,52.86666666666667,805,1
127.0.0.1,52.9,806,1
127.0.0.1,52.93333333333333,806,1
127.0.0.1,52.96666666666667,806,1
127.0.0.1,53.03333333333333,806,1
127.0.0.1,53.03333333333333,806,1
127.0.0.1,53.1,806,1
127.0.0.1,53.1,806,1
127.0.0.1,53.13333333333333,806,1
127.0.0.1,53.166666666666664,806,1
127.0.0.1,53.2,806,1
127.0.0.1,53.233333333333334,806,1
127.0.0.1,53.266666666666666,807,1
127.0.0.1,53.3,808,1
127.0.0.1,53.36666666666667,810,1
127.0.0.1,53.36666666666667,810,1
127.0.0.1,53.43333333333333,811,1
127.0.0.1,53.43333333333333,811,1
127.0.0.1,53.46666666666667,812,1
127.0.0.1,53.5,813,1
127.0.0.1,53.53333333333333,814,1
127.0.0.1,53.56666666666667,815,1
127.0.0.1,53.63333333333333,816,1
127.0.0.1,53.63333333333333,816,1
127.0.0.1,53.666666666666664,817,1
127.0.0.1,53.766666666666666,820,1
127.0.0.1,53.766666666666666,820,1
127.0.0.1,53.766666666666666,820,1
127.0.0.1,53.8,821,1
127.0.0.1,53.833333333333336,822,1
127.0.0.1,53.93333333333333,824,1
127.0.0.1,53.93333333333333,824,1
127.0.0.1,53.93333333333333,824,1
127.0.0.1,53.96666666666667,825,1
127.0.0.1,54.03333333333333,826,1
127.0.0.1,54.03333333333333,826,1
127.0.0.1,54.06666666666667,827,1
127.0.0.1,54.1,828,1
127.0.0.1,54.13333333333333,829,1
127.0.0.1,54.166666666666664,830,1
127.0.0.1,54.2,831,1
127.0.0.1,54.266666666666666,832,1
127.0.0.1,54.266666666666666,832,1
127.0.0.1,54.3,833,1
127.0.0.1,54.36666666666667,835,1
127.0.0.1,54.36666666666667,835,1
127.0.0.1,54.4,836,1
127.0.0.1,54.43333333333333,836,1
127.0.0.1,54.46666666666667,837,1
127.0.0.1,54.5,838,1
127.0.0.1,54.6,841,1
127.0.0.1,54.6,841,1
127.0.0.1,54.6,841,1
127.0.0.1,54.63333333333333,842,1
127.0.0.1,54.7,843,1
127.0.0.1,54.7,843,1
127.0.0.1,54.733333333333334,844,1
127.0.0.1,54.8,846,1
127.0.0.1,54.8,846,1
127.0.0.1,54.833333333333336,847,1
127.0.0.1,54.86666666666667,847,1
127.0.0.1,54.9,848,1
127.0.0.1,54.96666666666667,850,1
127.0.0.1,54.96666666666667,850,1
127.0.0.1,55.0,851,1
127.0.0.1,55.03333333333333,852,1
127.0.0.1,55.06666666666667,852,1
127.0.0.1,55.166666666666664,855,1
127.0.0.1,55.166666666666664,855,1
127.0.0.1,55.166666666666664,855,1
127.0.0.1,55.2,856,1
127.0.0.1,55.233333333333334,857,1
127.0.0.1,55.3,858,1
127.0.0.1,55.3,858,1
127.0.0.1,55.333333333333336,859,1
127.0.0.1,55.36666666666667,860,1
127.0.0.1,55.43333333333333,861,1
127.0.0.1,55.43333333333333,861,1
127.0.0.1,55.46666666666667,862,1
127.0.0.1,55.53333333333333,864,1
127.0.0.1,55.53333333333333,864,1
127.0.0.1,55.56666666666667,865,1
127.0.0.1,55.6,866,1
127.0.0.1,55.63333333333333,867,1
127.0.0.1,55.666666666666664,868,1
127.0.0.1,55.7,869,1
127.0.0.1,55.766666666666666,870,1
127.0.0.1,55.766666666666666,870,1
127.0.0.1,55.8,871,1
127.0.0.1,55.833333333333336,872,1
127.0.0.1,55.86666666666667,872,1
127.0.0.1,55.9,873,1
127.0.0.1,55.96666666666667,875,1
127.0.0.1,55.96666666666667,875,1
127.0.0.1,56.0,876,1
127.0.0.1,56.03333333333333,877,1
127.0.0.1,56.06666666666667,878,1
127.0.0.1,56.1,878,1
127.0.0.1,56.166666666666664,880,1
127.0.0.1,56.166666666666664,880,1
127.0.0.1,56.2,881,1
127.0.0.1,56.233333333333334,881,1
127.0.0.1,56.266666666666666,882,1
127.0.0.1,56.3,883,1
127.0.0.1,56.333333333333336,884,1
127.0.0.1,56.36666666666667,885,1
127.0.0.1,56.4,886,1
127.0.0.1,56.43333333333333,887,1
127.0.0.1,56.46666666666667,887,1
127.0.0.1,56.5,888,1
127.0.0.1,56.56666666666667,890,1
127.0.0.1,56.56666666666667,890,1
127.0.0.1,56.6,891,1
127.0.0.1,56.666666666666664,892,1
127.0.0.1,56.666666666666664,892,1
127.0.0.1,56.766666666666666,895,1
127.0.0.1,56.766666666666666,895,1
127.0.0.1,56.766666666666666,895,1
127.0.0.1,56.833333333333336,896,1
127.0.0.1,56.833333333333336,896,1
127.0.0.1,56.86666666666667,897,1
127.0.0.1,56.9,898,1
127.0.0.1,56.96666666666667,900,1
127.0.0.1,56.96666666666667,900,1
127.0.0.1,57.0,900,1
127.0.0.1,57.03333333333333,901,1
127.0.0.1,57.06666666666667,902,1
127.0.0.1,57.1,903,1
127.0.0.1,57.166666666666664,904,1
127.0.0.1,57.166666666666664,904,1
127.0.0.1,57.2,905,1
127.0.0.1,57.233333333333334,906,1
127.0.0.1,57.3,908,1
127.0.0.1,57.3,908,1
127.0.0.1,57.333333333333336,909,1
127.0.0.1,57.4,910,1
127.0.0.1,57.4,910,1
127.0.0.1,57.43333333333333,911,1
127.0.0.1,57.46666666666667,912,1
127.0.0.1,57.5,913,1
127.0.0.1,57.53333333333333,914,1
127.0.0.1,57.6,916,1
127.0.0.1,57.6,916,1
127.0.0.1,57.666666666666664,917,1
127.0.0.1,57.666666666666664,917,1
127.0.0.1,57.7,918,1
127.0.0.1,57.766666666666666,920,1
127.0.0.1,57.766666666666666,920,1
127.0.0.1,57.833333333333336,921,1
127.0.0.1,57.833333333333336,921,1
127.0.0.1,57.9,922,1
127.0.0.1,57.9,922,1
127.0.0.1,57.93333333333333,923,1
127.0.0.1,58.0,925,1
127.0.0.1,58.0,925,1
127.0.0.1,58.03333333333333,926,1
127.0.0.1,58.06666666666667,927,1
127.0.0.1,58.13333333333333,928,1
127.0.0.1,58.13333333333333,928,1
127.0.0.1,58.166666666666664,929,1
127.0.0.1,58.2,930,1
127.0.0.1,58.233333333333334,931,1
127.0.0.1,58.3,933,1
127.0.0.1,58.3,933,1
127.0.0.1,58.4,935,1
127.0.0.1,58.4,935,1
127.0.0.1,58.4,935,1
127.0.0.1,58.46666666666667,937,1
127.0.0.1,58.46666666666667,937,1
127.0.0.1,58.53333333333333,938,1
127.0.0.1,58.53333333333333,938,1
127.0.0.1,58.56666666666667,939,1
127.0.0.1,58.6,940,1
127.0.0.1,58.666666666666664,942,1
127.0.0.1,58.666666666666664,942,1
127.0.0.1,58.7,943,1
127.0.0.1,58.733333333333334,944,1
127.0.0.1,58.8,946,1
127.0.0.1,58.8,946,1
127.0.0.1,58.833333333333336,947,1
127.0.0.1,58.9,948,1
127.0.0.1,58.9,948,1
127.0.0.1,58.93333333333333,949,1
127.0.0.1,58.96666666666667,950,1
127.0.0.1,59.0,951,1
127.0.0.1,59.06666666666667,952,1
127.0.0.1,59.06666666666667,952,1
127.0.0.1,59.1,953,1
127.0.0.1,59.13333333333333,953,1
127.0.0.1,59.166666666666664,953,1
127.0.0.1,59.2,953,1
127.0.0.1,59.233333333333334,953,1
127.0.0.1,59.3,953,1
127.0.0.1,59.3,953,1
127.0.0.1,59.333333333333336,954,1
127.0.0.1,59.36666666666667,954,1
127.0.0.1,59.4,954,1
127.0.0.1,59.43333333333333,954,1
127.0.0.1,59.46666666666667,954,1
127.0.0.1,59.53333333333333,954,1
127.0.0.1,59.53333333333333,954,1
127.0.0.1,59.6,954,1
127.0.0.1,59.6,954,1
127.0.0.1,59.666666666666664,954,1
127.0.0.1,59.666666666666664,954,1
127.0.0.1,59.7,954,1
127.0.0.1,59.733333333333334,954,1
127.0.0.1,59.766666666666666,954,1
127.0.0.1,59.8,954,1
127.0.0.1,59.833333333333336,954,1
127.0.0.1,59.86666666666667,954,1
127.0.0.1,59.93333333333333,954,1
127.0.0.1,59.93333333333333,954,1
127.0.0.1,59.96666666666667,954,1
127.0.0.1,60.0,954,1
127.0.0.1,60.03333333333333,954,1
127.0.0.1,60.06666666666667,954,1
127.0.0.1,60.1,954,1
127.0.0.1,60.13333333333333,954,1
127.0.0.1,60.166666666666664,954,1
127.0.0.1,60.2,954,1
127.0.0.1,60.233333333333334,954,1
127.0.0.1,60.3,954,1
127.0.0.1,60.3,954,1
127.0.0.1,60.333333333333336,954,1
127.0.0.1,60.4,954,1
127.0.0.1,60.4,954,1
127.0.0.1,60.43333333333333,954,1
127.0.0.1,60.46666666666667,954,1
127.0.0.1,60.5,954,1
127.0.0.1,60.53333333333333,954,1
127.0.0.1,60.56666666666667,954,1
127.0.0.1,60.6,954,1
127.0.0.1,60.63333333333333,954,1
127.0.0.1,60.666666666666664,954,1
127.0.0.1,60.7,954,1
127.0.0.1,60.766666666666666,954,1
127.0.0.1,60.766666666666666,954,1
127.0.0.1,60.8,954,1
127.0.0.1,60.833333333333336,954,1
127.0.0.1,60.86666666666667,954,1
127.0.0.1,60.9,954,1
127.0.0.1,60.96666666666667,954,1
127.0.0.1,60.96666666666667,954,1
127.0.0.1,61.0,954,1
127.0.0.1,61.03333333333333,954,1
127.0.0.1,61.06666666666667,954,1
127.0.0.1,61.1,954,1
127.0.0.1,61.166666666666664,954,1
127.0.0.1,61.166666666666664,954,1
127.0.0.1,61.233333333333334,954,1
127.0.0.1,61.233333333333334,954,1
127.0.0.1,61.266666666666666,954,1
127.0.0.1,61.3,954,1
127.0.0.1,61.333333333333336,954,1
127.0.0.1,61.36666666666667,954,1
127.0.0.1,61.4,954,1
127.0.0.1,61.43333333333333,954,1
127.0.0.1,61.46666666666667,954,1
127.0.0.1,61.53333333333333,954,1
127.0.0.1,61.53333333333333,954,1
127.0.0.1,61.56666666666667,954,1
127.0.0.1,61.6,954,1
127.0.0.1,61.63333333333333,954,1
127.0.0.1,61.666666666666664,954,1
127.0.0.1,61.7,954,1
127.0.0.1,61.733333333333334,954,1
127.0.0.1,61.8,954,1
127.0.0.1,61.8,954,1
127.0.0.1,61.833333333333336,954,1
127.0.0.1,61.9,954,1
127.0.0.1,61.9,954,1
127.0.0.1,61.93333333333333,954,1
127.0.0.1,61.96666666666667,954,1
127.0.0.1,62.0,954,1
127.0.0.1,62.03333333333333,954,1
127.0.0.1,62.06666666666667,954,1
127.0.0.1,62.13333333333333,955,1
127.0.0.1,62.13333333333333,955,1
127.0.0.1,62.2,955,1
127.0.0.1,62.2,955,1
127.0.0.1,62.233333333333334,955,1
127.0.0.1,62.266666666666666,955,1
127.0.0.1,62.3,955,1
127.0.0.1,62.333333333333336,955,1
127.0.0.1,62.36666666666667,955,1
127.0.0.1,62.4,955,1
127.0.0.1,62.43333333333333,955,1
127.0.0.1,62.46666666666667,955,1
127.0.0.1,62.5,955,1
127.0.0.1,62.53333333333333,955,1
127.0.0.1,62.56666666666667,955,1
127.0.0.1,62.6,955,1
127.0.0.1,62.63333333333333,955,1
127.0.0.1,62.666666666666664,955,1
127.0.0.1,62.7,955,1
127.0.0.1,62.733333333333334,955,1
127.0.0.1,62.766666666666666,955,1
127.0.0.1,62.8,955,1
127.0.0.1,62.833333333333336,955,1
127.0.0.1,62.86666666666667,955,1
127.0.0.1,62.9,955,1
127.0.0.1,62.93333333333333,955,1
127.0.0.1,62.96666666666667,955,1
127.0.0.1,63.0,955,1
127.0.0.1,63.03333333333333,955,1
127.0.0.1,63.06666666666667,955,1
127.0.0.1,63.1,955,1
127.0.0.1,63.13333333333333,956,1
127.0.0.1,63.166666666666664,957,1
127.0.0.1,63.2,958,1
127.0.0.1,63.233333333333334,959,1
127.0.0.1,63.266666666666666,960,1
127.0.0.1,63.3,961,1
127.0.0.1,63.333333333333336,962,1
127.0.0.1,63.36666666666667,962,1
127.0.0.1,63.4,963,1
127.0.0.1,63.43333333333333,964,1
127.0.0.1,63.46666666666667,964,1
127.0.0.1,63.5,965,1
127.0.0.1,63.53333333333333,966,1
127.0.0.1,63.56666666666667,967,1
127.0.0.1,63.6,968,1
127.0.0.1,63.666666666666664,970,1
127.0.0.1,63.666666666666664,970,1
127.0.0.1,63.7,971,1
127.0.0.1,63.733333333333334,972,1
127.0.0.1,63.766666666666666,973,1
127.0.0.1,63.8,974,1
127.0.0.1,63.833333333333336,975,1
127.0.0.1,63.86666666666667,976,1
127.0.0.1,63.9,977,1
127.0.0.1,63.93333333333333,978,1
127.0.0.1,64.0,980,1
127.0.0.1,64.0,980,1
127.0.0.1,64.03333333333333,980,1
127.0.0.1,64.06666666666666,981,1
127.0.0.1,64.13333333333334,983,1
127.0.0.1,64.13333333333334,983,1
127.0.0.1,64.16666666666667,983,1
127.0.0.1,64.2,984,1
127.0.0.1,64.23333333333333,985,1
127.0.0.1,64.26666666666667,986,1
127.0.0.1,64.33333333333333,988,1
127.0.0.1,64.33333333333333,988,1
127.0.0.1,64.36666666666666,989,1
127.0.0.1,64.4,990,1
127.0.0.1,64.43333333333334,991,1
127.0.0.1,64.5,992,1
127.0.0.1,64.5,992,1
127.0.0.1,64.53333333333333,993,1
127.0.0.1,64.6,995,1
127.0.0.1,64.6,995,1
127.0.0.1,64.66666666666667,996,1
127.0.0.1,64.66666666666667,996,1
127.0.0.1,64.7,997,1
127.0.0.1,64.73333333333333,997,1
127.0.0.1,64.76666666666667,998,1
127.0.0.1,64.83333333333333,1000,1
127.0.0.1,64.83333333333333,1000,1
127.0.0.1,64.86666666666666,1001,1
127.0.0.1,64.9,1002,1
127.0.0.1,64.93333333333334,1003,1
127.0.0.1,64.96666666666667,1004,1
127.0.0.1,65.0,1005,1
127.0.0.1,65.06666666666666,1007,1
127.0.0.1,65.06666666666666,1007,1
127.0.0.1,65.1,1008,1
127.0.0.1,65.13333333333334,1009,1
127.0.0.1,65.2,1011,1
127.0.0.1,65.2,1011,1
127.0.0.1,65.23333333333333,1012,1
127.0.0.1,65.3,1013,1
127.0.0.1,65.3,1013,1
127.0.0.1,65.33333333333333,1013,1
127.0.0.1,65.36666666666666,1013,1
127.0.0.1,65.4,1014,1
127.0.0.1,65.43333333333334,1015,1
127.0.0.1,65.46666666666667,1015,1
127.0.0.1,65.5,1016,1
127.0.0.1,65.53333333333333,1017,1
127.0.0.1,65.56666666666666,1018,1
127.0.0.1,65.6,1019,1
127.0.0.1,65.63333333333334,1020,1
127.0.0.1,65.7,1021,1
127.0.0.1,65.7,1021,1
127.0.0.1,65.73333333333333,1022,1
127.0.0.1,65.76666666666667,1023,1
127.0.0.1,65.8,1024,1
127.0.0.1,65.86666666666666,1025,1
127.0.0.1,65.86666666666666,1025,1
127.0.0.1,65.9,1026,1
127.0.0.1,65.93333333333334,1027,1
127.0.0.1,65.96666666666667,1028,1
127.0.0.1,66.0,1029,1
127.0.0.1,66.03333333333333,1030,1
127.0.0.1,66.06666666666666,1031,1
127.0.0.1,66.1,1032,1
127.0.0.1,66.13333333333334,1033,1
127.0.0.1,66.16666666666667,1034,1
127.0.0.1,66.2,1035,1
127.0.0.1,66.26666666666667,1037,1
127.0.0.1,66.26666666666667,1037,1
127.0.0.1,66.3,1038,1
127.0.0.1,66.36666666666666,1039,1
127.0.0.1,66.36666666666666,1039,1
127.0.0.1,66.43333333333334,1041,1
127.0.0.1,66.43333333333334,1041,1
127.0.0.1,66.46666666666667,1042,1
127.0.0.1,66.53333333333333,1043,1
127.0.0.1,66.53333333333333,1043,1
127.0.0.1,66.56666666666666,1044,1
127.0.0.1,66.6,1045,1
127.0.0.1,66.66666666666667,1045,1
127.0.0.1,66.66666666666667,1045,1
127.0.0.1,66.73333333333333,1046,1
127.0.0.1,66.73333333333333,1046,1
127.0.0.1,66.76666666666667,1047,1
127.0.0.1,66.8,1048,1
127.0.0.1,66.83333333333333,1049,1
127.0.0.1,66.9,1050,1
127.0.0.1,66.9,1050,1
127.0.0.1,66.96666666666667,1052,1
127.0.0.1,66.96666666666667,1052,1
127.0.0.1,67.0,1053,1
127.0.0.1,67.03333333333333,1054,1
127.0.0.1,67.06666666666666,1055,1
127.0.0.1,67.16666666666667,1057,1
127.0.0.1,67.16666666666667,1057,1
127.0.0.1,67.16666666666667,1057,1
127.0.0.1,67.2,1058,1
127.0.0.1,67.26666666666667,1060,1
127.0.0.1,67.26666666666667,1060,1
127.0.0.1,67.3,1061,1
127.0.0.1,67.36666666666666,1062,1
127.0.0.1,67.36666666666666,1062,1
127.0.0.1,67.4,1063,1
127.0.0.1,67.43333333333334,1064,1
127.0.0.1,67.46666666666667,1064,1
127.0.0.1,67.5,1065,1
127.0.0.1,67.56666666666666,1067,1
127.0.0.1,67.56666666666666,1067,1
127.0.0.1,67.6,1068,1
127.0.0.1,67.7,1070,1
127.0.0.1,67.7,1070,1
127.0.0.1,67.7,1070,1
127.0.0.1,67.76666666666667,1072,1
127.0.0.1,67.76666666666667,1072,1
127.0.0.1,67.83333333333333,1074,1
127.0.0.1,67.83333333333333,1074,1
127.0.0.1,67.86666666666666,1074,1
127.0.0.1,67.9,1075,1
127.0.0.1,67.93333333333334,1076,1
127.0.0.1,68.0,1078,1
127.0.0.1,68.0,1078,1
127.0.0.1,68.1,1080,1
127.0.0.1,68.1,1080,1
127.0.0.1,68.1,1080,1
127.0.0.1,68.13333333333334,1081,1
127.0.0.1,68.16666666666667,1082,1
127.0.0.1,68.3,1085,1
127.0.0.1,68.3,1085,1
127.0.0.1,68.3,1085,1
127.0.0.1,68.3,1085,1
127.0.0.1,68.33333333333333,1086,1
127.0.0.1,68.4,1088,1
127.0.0.1,68.4,1088,1
127.0.0.1,68.46666666666667,1090,1
127.0.0.1,68.46666666666667,1090,1
127.0.0.1,68.5,1091,1
127.0.0.1,68.56666666666666,1093,1
127.0.0.1,68.56666666666666,1093,1
127.0.0.1,68.6,1094,1
127.0.0.1,68.7,1096,1
127.0.0.1,68.7,1096,1
127.0.0.1,68.7,1096,1
127.0.0.1,68.76666666666667,1098,1
127.0.0.1,68.76666666666667,1098,1
127.0.0.1,68.83333333333333,1100,1
127.0.0.1,68.83333333333333,1100,1
127.0.0.1,68.93333333333334,1102,1
127.0.0.1,68.93333333333334,1102,1
127.0.0.1,68.93333333333334,1102,1
127.0.0.1,68.96666666666667,1103,1
127.0.0.1,69.0,1103,1
127.0.0.1,69.03333333333333,1103,1
127.0.0.1,69.06666666666666,1103,1
127.0.0.1,69.1,1103,1
127.0.0.1,69.13333333333334,1103,1
127.0.0.1,69.16666666666667,1103,1
127.0.0.1,69.2,1103,1
127.0.0.1,69.23333333333333,1103,1
127.0.0.1,69.26666666666667,1103,1
127.0.0.1,69.3,1103,1
127.0.0.1,69.33333333333333,1103,1
127.0.0.1,69.36666666666666,1103,1
127.0.0.1,69.4,1103,1
127.0.0.1,69.43333333333334,1103,1
127.0.0.1,69.46666666666667,1103,1
127.0.0.1,69.5,1103,1
127.0.0.1,69.53333333333333,1103,1
127.0.0.1,69.56666666666666,1103,1
127.0.0.1,69.6,1103,1
127.0.0.1,69.63333333333334,1103,1
127.0.0.1,69.66666666666667,1103,1
127.0.0.1,69.7,1103,1
127.0.0.1,69.73333333333333,1103,1
127.0.0.1,69.76666666666667,1103,1
127.0.0.1,69.8,1103,1
127.0.0.1,69.83333333333333,1103,1
127.0.0.1,69.9,1103,1
127.0.0.1,69.9,1103,1
127.0.0.1,69.93333333333334,1103,1
127.0.0.1,69.96666666666667,1103,1
127.0.0.1,70.0,1103,1
127.0.0.1,70.03333333333333,1103,1
127.0.0.1,70.06666666666666,1103,1
127.0.0.1,70.1,1103,1
127.0.0.1,70.13333333333334,1103,1
127.0.0.1,70.16666666666667,1103,1
127.0.0.1,70.2,1103,1
127.0.0.1,70.23333333333333,1103,1
127.0.0.1,70.26666666666667,1103,1
127.0.0.1,70.3,1103,1
127.0.0.1,70.33333333333333,1103,1
127.0.0.1,70.36666666666666,1103,1
127.0.0.1,70.4,1103,1
127.0.0.1,70.43333333333334,1103,1
127.0.0.1,70.46666666666667,1103,1
127.0.0.1,70.5,1103,1
127.0.0.1,70.53333333333333,1103,1
127.0.0.1,70.56666666666666,1103,1
127.0.0.1,70.6,1103,1
127.0.0.1,70.63333333333334,1103,1
127.0.0.1,70.66666666666667,1103,1
127.0.0.1,70.7,1103,1
127.0.0.1,70.73333333333333,1103,1
127.0.0.1,70.76666666666667,1103,1
127.0.0.1,70.8,1103,1
127.0.0.1,70.83333333333333,1103,1
127.0.0.1,70.86666666666666,1103,1
127.0.0.1,70.9,1103,1
127.0.0.1,70.93333333333334,1103,1
127.0.0.1,71.0,1103,1
127.0.0.1,71.0,1103,1
127.0.0.1,71.03333333333333,1103,1
127.0.0.1,71.06666666666666,1103,1
127.0.0.1,71.1,1103,1
127.0.0.1,71.13333333333334,1103,1
127.0.0.1,71.16666666666667,1103,1
127.0.0.1,71.2,1103,1
127.0.0.1,71.23333333333333,1103,1
127.0.0.1,71.26666666666667,1103,1
127.0.0.1,71.3,1103,1
127.0.0.1,71.33333333333333,1103,1
127.0.0.1,71.36666666666666,1103,1
127.0.0.1,71.4,1103,1
127.0.0.1,71.43333333333334,1103,1
127.0.0.1,71.46666666666667,1103,1
127.0.0.1,71.53333333333333,1103,1
127.0.0.1,71.53333333333333,1103,1
127.0.0.1,71.56666666666666,1103,1
127.0.0.1,71.6,1103,1
127.0.0.1,71.63333333333334,1103,1
127.0.0.1,71.66666666666667,1103,1
127.0.0.1,71.7,1103,1
127.0.0.1,71.76666666666667,1103,1
127.0.0.1,71.76666666666667,1103,1
127.0.0.1,71.8,1103,1
127.0.0.1,71.83333333333333,1104,1
127.0.0.1,71.86666666666666,1104,1
127.0.0.1,71.93333333333334,1104,1
127.0.0.1,71.93333333333334,1104,1
127.0.0.1,71.96666666666667,1104,1
127.0.0.1,72.0,1104,1
127.0.0.1,72.03333333333333,1104,1
127.0.0.1,72.06666666666666,1104,1
127.0.0.1,72.13333333333334,1104,1
127.0.0.1,72.13333333333334,1104,1
127.0.0.1,72.16666666666667,1104,1
127.0.0.1,72.2,1104,1
127.0.0.1,72.23333333333333,1104,1
127.0.0.1,72.26666666666667,1104,1
127.0.0.1,72.33333333333333,1104,1
127.0.0.1,72.33333333333333,1104,1
127.0.0.1,72.36666666666666,1104,1
127.0.0.1,72.4,1104,1
127.0.0.1,72.46666666666667,1104,1
127.0.0.1,72.46666666666667,1104,1
127.0.0.1,72.5,1104,1
127.0.0.1,72.53333333333333,1104,1
127.0.0.1,72.56666666666666,1104,1
127.0.0.1,72.6,1104,1
127.0.0.1,72.66666666666667,1104,1
127.0.0.1,72.66666666666667,1104,1
127.0.0.1,72.7,1104,1
127.0.0.1,72.73333333333333,1104,1
127.0.0.1,72.76666666666667,1104,1
127.0.0.1,72.8,1104,1
127.0.0.1,72.86666666666666,1104,1
127.0.0.1,72.86666666666666,1104,1
127.0.0.1,72.93333333333334,1104,1
127.0.0.1,72.93333333333334,1104,1
127.0.0.1,72.96666666666667,1105,1
127.0.0.1,73.0,1106,1
127.0.0.1,73.03333333333333,1107,1
127.0.0.1,73.1,1109,1
127.0.0.1,73.1,1109,1
127.0.0.1,73.13333333333334,1110,1
127.0.0.1,73.16666666666667,1111,1
127.0.0.1,73.23333333333333,1112,1
127.0.0.1,73.23333333333333,1112,1
127.0.0.1,73.26666666666667,1113,1
127.0.0.1,73.3,1114,1
127.0.0.1,73.33333333333333,1115,1
127.0.0.1,73.4,1117,1
127.0.0.1,73.4,1117,1
127.0.0.1,73.43333333333334,1118,1
127.0.0.1,73.46666666666667,1119,1
127.0.0.1,73.5,1120,1
127.0.0.1,73.53333333333333,1121,1
127.0.0.1,73.6,1123,1
127.0.0.1,73.6,1123,1
127.0.0.1,73.66666666666667,1123,1
127.0.0.1,73.66666666666667,1123,1
127.0.0.1,73.7,1124,1
127.0.0.1,73.73333333333333,1125,1
127.0.0.1,73.8,1126,1
127.0.0.1,73.8,1126,1
127.0.0.1,73.83333333333333,1127,1
127.0.0.1,73.93333333333334,1130,1
127.0.0.1,73.93333333333334,1130,1
127.0.0.1,73.93333333333334,1130,1
127.0.0.1,73.96666666666667,1131,1
127.0.0.1,74.0,1131,1
127.0.0.1,74.06666666666666,1133,1
127.0.0.1,74.06666666666666,1133,1
127.0.0.1,74.13333333333334,1135,1
127.0.0.1,74.13333333333334,1135,1
127.0.0.1,74.16666666666667,1136,1
127.0.0.1,74.2,1137,1
127.0.0.1,74.23333333333333,1138,1
127.0.0.1,74.3,1139,1
127.0.0.1,74.3,1139,1
127.0.0.1,74.36666666666666,1141,1
127.0.0.1,74.36666666666666,1141,1
127.0.0.1,74.4,1142,1
127.0.0.1,74.46666666666667,1144,1
127.0.0.1,74.46666666666667,1144,1
127.0.0.1,74.5,1144,1
127.0.0.1,74.53333333333333,1144,1
127.0.0.1,74.56666666666666,1145,1
127.0.0.1,74.6,1146,1
127.0.0.1,74.63333333333334,1147,1
127.0.0.1,74.66666666666667,1148,1
127.0.0.1,74.76666666666667,1150,1
127.0.0.1,74.76666666666667,1150,1
127.0.0.1,74.76666666666667,1150,1
127.0.0.1,74.8,1151,1
127.0.0.1,74.83333333333333,1152,1
127.0.0.1,74.9,1154,1
127.0.0.1,74.9,1154,1
127.0.0.1,74.96666666666667,1156,1
127.0.0.1,74.96666666666667,1156,1
127.0.0.1,75.03333333333333,1158,1
127.0.0.1,75.03333333333333,1158,1
127.0.0.1,75.1,1159,1
127.0.0.1,75.1,1159,1
127.0.0.1,75.16666666666667,1161,1
127.0.0.1,75.16666666666667,1161,1
127.0.0.1,75.2,1162,1
127.0.0.1,75.23333333333333,1163,1
127.0.0.1,75.3,1165,1
127.0.0.1,75.3,1165,1
127.0.0.1,75.4,1167,1
127.0.0.1,75.4,1167,1
127.0.0.1,75.4,1167,1
127.0.0.1,75.43333333333334,1168,1
127.0.0.1,75.46666666666667,1168,1
127.0.0.1,75.53333333333333,1169,1
127.0.0.1,75.53333333333333,1169,1
127.0.0.1,75.6,1171,1
127.0.0.1,75.6,1171,1
127.0.0.1,75.63333333333334,1172,1
127.0.0.1,75.66666666666667,1173,1
127.0.0.1,75.7,1173,1
127.0.0.1,75.73333333333333,1174,1
127.0.0.1,75.8,1176,1
127.0.0.1,75.8,1176,1
127.0.0.1,75.86666666666666,1178,1
127.0.0.1,75.86666666666666,1178,1
127.0.0.1,75.93333333333334,1180,1
127.0.0.1,75.93333333333334,1180,1
127.0.0.1,75.96666666666667,1181,1
127.0.0.1,76.03333333333333,1182,1
127.0.0.1,76.03333333333333,1182,1
127.0.0.1,76.06666666666666,1183,1
127.0.0.1,76.13333333333334,1185,1
127.0.0.1,76.13333333333334,1185,1
127.0.0.1,76.2,1187,1
127.0.0.1,76.2,1187,1
127.0.0.1,76.26666666666667,1188,1
127.0.0.1,76.26666666666667,1188,1
127.0.0.1,76.33333333333333,1190,1
127.0.0.1,76.33333333333333,1190,1
127.0.0.1,76.36666666666666,1191,1
127.0.0.1,76.46666666666667,1193,1
127.0.0.1,76.46666666666667,1193,1
127.0.0.1,76.46666666666667,1193,1
127.0.0.1,76.5,1194,1
127.0.0.1,76.53333333333333,1195,1
127.0.0.1,76.56666666666666,1196,1
127.0.0.1,76.63333333333334,1198,1
127.0.0.1,76.63333333333334,1198,1
127.0.0.1,76.7,1199,1
127.0.0.1,76.7,1199,1
127.0.0.1,76.76666666666667,1201,1
127.0.0.1,76.76666666666667,1201,1
127.0.0.1,76.8,1202,1
127.0.0.1,76.83333333333333,1203,1
127.0.0.1,76.9,1205,1
127.0.0.1,76.9,1205,1
127.0.0.1,76.93333333333334,1206,1
127.0.0.1,76.96666666666667,1207,1
127.0.0.1,77.03333333333333,1209,1
127.0.0.1,77.03333333333333,1209,1
127.0.0.1,77.1,1211,1
127.0.0.1,77.1,1211,1
127.0.0.1,77.16666666666667,1212,1
127.0.0.1,77.16666666666667,1212,1
127.0.0.1,77.26666666666667,1215,1
127.0.0.1,77.26666666666667,1215,1
127.0.0.1,77.26666666666667,1215,1
127.0.0.1,77.36666666666666,1217,1
127.0.0.1,77.36666666666666,1217,1
127.0.0.1,77.36666666666666,1217,1
127.0.0.1,77.43333333333334,1219,1
127.0.0.1,77.43333333333334,1219,1
127.0.0.1,77.46666666666667,1220,1
127.0.0.1,77.53333333333333,1222,1
127.0.0.1,77.53333333333333,1222,1
127.0.0.1,77.56666666666666,1223,1
127.0.0.1,77.66666666666667,1225,1
127.0.0.1,77.66666666666667,1225,1
127.0.0.1,77.66666666666667,1225,1
127.0.0.1,77.7,1226,1
127.0.0.1,77.73333333333333,1227,1
127.0.0.1,77.76666666666667,1228,1
127.0.0.1,77.8,1229,1
127.0.0.1,77.83333333333333,1229,1
127.0.0.1,77.96666666666667,1232,1
127.0.0.1,77.96666666666667,1232,1
127.0.0.1,77.96666666666667,1232,1
127.0.0.1,77.96666666666667,1232,1
127.0.0.1,78.0,1233,1
127.0.0.1,78.03333333333333,1234,1
127.0.0.1,78.1,1236,1
127.0.0.1,78.1,1236,1
127.0.0.1,78.16666666666667,1238,1
127.0.0.1,78.16666666666667,1238,1
127.0.0.1,78.23333333333333,1239,1
127.0.0.1,78.23333333333333,1239,1
127.0.0.1,78.3,1241,1
127.0.0.1,78.3,1241,1
127.0.0.1,78.33333333333333,1242,1
127.0.0.1,78.4,1244,1
127.0.0.1,78.4,1244,1
127.0.0.1,78.5,1246,1
127.0.0.1,78.5,1246,1
127.0.0.1,78.5,1246,1
127.0.0.1,78.53333333333333,1247,1
127.0.0.1,78.6,1249,1
127.0.0.1,78.6,1249,1
127.0.0.1,78.66666666666667,1251,1
127.0.0.1,78.66666666666667,1251,1
127.0.0.1,78.73333333333333,1252,1
127.0.0.1,78.73333333333333,1252,1
127.0.0.1,78.76666666666667,1252,1
127.0.0.1,78.8,1252,1
127.0.0.1,78.83333333333333,1252,1
127.0.0.1,78.86666666666666,1252,1
127.0.0.1,78.9,1252,1
127.0.0.1,78.93333333333334,1252,1
127.0.0.1,78.96666666666667,1252,1
127.0.0.1,79.0,1252,1
127.0.0.1,79.03333333333333,1252,1
127.0.0.1,79.06666666666666,1252,1
127.0.0.1,79.1,1252,1
127.0.0.1,79.13333333333334,1252,1
127.0.0.1,79.16666666666667,1252,1
127.0.0.1,79.2,1252,1
127.0.0.1,79.23333333333333,1252,1
127.0.0.1,79.26666666666667,1252,1
127.0.0.1,79.3,1252,1
127.0.0.1,79.33333333333333,1252,1
127.0.0.1,79.4,1252,1
127.0.0.1,79.4,1252,1
127.0.0.1,79.43333333333334,1252,1
127.0.0.1,79.46666666666667,1252,1
127.0.0.1,79.5,1252,1
127.0.0.1,79.53333333333333,1252,1
127.0.0.1,79.56666666666666,1252,1
127.0.0.1,79.6,1252,1
127.0.0.1,79.63333333333334,1252,1
127.0.0.1,79.66666666666667,1252,1
127.0.0.1,79.7,1252,1
127.0.0.1,79.73333333333333,1252,1
127.0.0.1,79.8,1252,1
127.0.0.1,79.8,1252,1
127.0.0.1,79.83333333333333,1252,1
127.0.0.1,79.86666666666666,1252,1
127.0.0.1,79.9,1252,1
127.0.0.1,79.93333333333334,1252,1
127.0.0.1,79.96666666666667,1252,1
127.0.0.1,80.0,1252,1
127.0.0.1,80.03333333333333,1252,1
127.0.0.1,80.06666666666666,1252,1
127.0.0.1,80.1,1252,1
127.0.0.1,80.13333333333334,1252,1
127.0.0.1,80.16666666666667,1252,1
127.0.0.1,80.23333333333333,1252,1
127.0.0.1,80.23333333333333,1252,1
127.0.0.1,80.26666666666667,1252,1
127.0.0.1,80.3,1252,1
127.0.0.1,80.33333333333333,1252,1
127.0.0.1,80.36666666666666,1252,1
127.0.0.1,80.4,1252,1
127.0.0.1,80.46666666666667,1252,1
127.0.0.1,80.46666666666667,1252,1
127.0.0.1,80.5,1252,1
127.0.0.1,80.53333333333333,1252,1
127.0.0.1,80.56666666666666,1252,1
127.0.0.1,80.6,1252,1
127.0.0.1,80.63333333333334,1252,1
127.0.0.1,80.7,1252,1
127.0.0.1,80.7,1252,1
127.0.0.1,80.73333333333333,1252,1
127.0.0.1,80.76666666666667,1252,1
127.0.0.1,80.8,1252,1
127.0.0.1,80.83333333333333,1252,1
127.0.0.1,80.9,1252,1
127.0.0.1,80.9,1252,1
127.0.0.1,80.93333333333334,1252,1
127.0.0.1,80.96666666666667,1252,1
127.0.0.1,81.0,1252,1
127.0.0.1,81.03333333333333,1252,1
127.0.0.1,81.06666666666666,1252,1
127.0.0.1,81.1,1252,1
127.0.0.1,81.13333333333334,1252,1
127.0.0.1,81.16666666666667,1252,1
127.0.0.1,81.2,1252,1
127.0.0.1,81.23333333333333,1252,1
127.0.0.1,81.26666666666667,1252,1
127.0.0.1,81.3,1252,1
127.0.0.1,81.33333333333333,1252,1
127.0.0.1,81.36666666666666,1252,1
127.0.0.1,81.43333333333334,1252,1
127.0.0.1,81.43333333333334,1252,1
127.0.0.1,81.46666666666667,1252,1
127.0.0.1,81.5,1252,1
127.0.0.1,81.53333333333333,1252,1
127.0.0.1,81.56666666666666,1252,1
127.0.0.1,81.63333333333334,1252,1
127.0.0.1,81.63333333333334,1252,1
127.0.0.1,81.66666666666667,1252,1
127.0.0.1,81.7,1252,1
127.0.0.1,81.73333333333333,1252,1
127.0.0.1,81.76666666666667,1252,1
127.0.0.1,81.8,1252,1
127.0.0.1,81.83333333333333,1252,1
127.0.0.1,81.86666666666666,1252,1
127.0.0.1,81.9,1252,1
127.0.0.1,81.93333333333334,1252,1
127.0.0.1,81.96666666666667,1252,1
127.0.0.1,82.03333333333333,1252,1
127.0.0.1,82.03333333333333,1252,1
127.0.0.1,82.06666666666666,1252,1
127.0.0.1,82.1,1252,1
127.0.0.1,82.16666666666667,1252,1
127.0.0.1,82.16666666666667,1252,1
127.0.0.1,82.2,1252,1
127.0.0.1,82.23333333333333,1252,1
127.0.0.1,82.26666666666667,1252,1
127.0.0.1,82.3,1252,1
127.0.0.1,82.33333333333333,1252,1
127.0.0.1,82.36666666666666,1252,1
127.0.0.1,82.4,1252,1
127.0.0.1,82.43333333333334,1252,1
127.0.0.1,82.46666666666667,1252,1
127.0.0.1,82.5,1252,1
127.0.0.1,82.56666666666666,1252,1
127.0.0.1,82.56666666666666,1252,1
127.0.0.1,82.63333333333334,1252,1
127.0.0.1,82.63333333333334,1252,1
127.0.0.1,82.66666666666667,1252,1
127.0.0.1,82.73333333333333,1252,1
127.0.0.1,82.73333333333333,1252,1
127.0.0.1,82.76666666666667,1252,1
127.0.0.1,82.8,1253,1
127.0.0.1,82.83333333333333,1254,1
127.0.0.1,82.86666666666666,1255,1
127.0.0.1,82.9,1256,1
127.0.0.1,82.93333333333334,1257,1
127.0.0.1,82.96666666666667,1258,1
127.0.0.1,83.0,1259,1
127.0.0.1,83.03333333333333,1260,1
127.0.0.1,83.1,1261,1
127.0.0.1,83.1,1261,1
127.0.0.1,83.13333333333334,1262,1
127.0.0.1,83.16666666666667,1263,1
127.0.0.1,83.2,1264,1
127.0.0.1,83.23333333333333,1265,1
127.0.0.1,83.3,1267,1
127.0.0.1,83.3,1267,1
127.0.0.1,83.36666666666666,1268,1
127.0.0.1,83.36666666666666,1268,1
127.0.0.1,83.4,1269,1
127.0.0.1,83.43333333333334,1270,1
127.0.0.1,83.53333333333333,1273,1
127.0.0.1,83.53333333333333,1273,1
127.0.0.1,83.53333333333333,1273,1
127.0.0.1,83.6,1274,1
127.0.0.1,83.6,1274,1
127.0.0.1,83.63333333333334,1275,1
127.0.0.1,83.73333333333333,1278,1
127.0.0.1,83.73333333333333,1278,1
127.0.0.1,83.73333333333333,1278,1
127.0.0.1,83.8,1279,1
127.0.0.1,83.8,1279,1
127.0.0.1,83.83333333333333,1280,1
127.0.0.1,83.86666666666666,1281,1
127.0.0.1,83.93333333333334,1283,1
127.0.0.1,83.93333333333334,1283,1
127.0.0.1,84.0,1284,1
127.0.0.1,84.0,1284,1
127.0.0.1,84.06666666666666,1286,1
127.0.0.1,84.06666666666666,1286,1
127.0.0.1,84.1,1287,1
127.0.0.1,84.16666666666667,1288,1
127.0.0.1,84.16666666666667,1288,1
127.0.0.1,84.23333333333333,1290,1
127.0.0.1,84.23333333333333,1290,1
127.0.0.1,84.3,1292,1
127.0.0.1,84.3,1292,1
127.0.0.1,84.33333333333333,1293,1
127.0.0.1,84.36666666666666,1294,1
127.0.0.1,84.43333333333334,1296,1
127.0.0.1,84.43333333333334,1296,1
127.0.0.1,84.5,1298,1
127.0.0.1,84.5,1298,1
127.0.0.1,84.56666666666666,1300,1
127.0.0.1,84.56666666666666,1300,1
127.0.0.1,84.66666666666667,1303,1
127.0.0.1,84.66666666666667,1303,1
127.0.0.1,84.66666666666667,1303,1
127.0.0.1,84.73333333333333,1304,1
127.0.0.1,84.73333333333333,1304,1
127.0.0.1,84.76666666666667,1305,1
127.0.0.1,84.8,1306,1
127.0.0.1,84.83333333333333,1307,1
127.0.0.1,84.9,1309,1
127.0.0.1,84.9,1309,1
127.0.0.1,84.93333333333334,1309,1
127.0.0.1,84.96666666666667,1310,1
127.0.0.1,85.06666666666666,1313,1
127.0.0.1,85.06666666666666,1313,1
127.0.0.1,85.06666666666666,1313,1
127.0.0.1,85.1,1314,1
127.0.0.1,85.13333333333334,1314,1
127.0.0.1,85.2,1315,1
127.0.0.1,85.2,1315,1
127.0.0.1,85.26666666666667,1317,1
127.0.0.1,85.26666666666667,1317,1
127.0.0.1,85.3,1318,1
127.0.0.1,85.33333333333333,1318,1
127.0.0.1,85.36666666666666,1319,1
127.0.0.1,85.4,1320,1
127.0.0.1,85.5,1322,1
127.0.0.1,85.5,1322,1
127.0.0.1,85.5,1322,1
127.0.0.1,85.53333333333333,1323,1
127.0.0.1,85.56666666666666,1324,1
127.0.0.1,85.63333333333334,1325,1
127.0.0.1,85.63333333333334,1325,1
127.0.0.1,85.73333333333333,1328,1
127.0.0.1,85.73333333333333,1328,1
127.0.0.1,85.73333333333333,1328,1
127.0.0.1,85.76666666666667,1329,1
127.0.0.1,85.86666666666666,1331,1
127.0.0.1,85.86666666666666,1331,1
127.0.0.1,85.86666666666666,1331,1
127.0.0.1,85.9,1332,1
127.0.0.1,85.96666666666667,1334,1
127.0.0.1,85.96666666666667,1334,1
127.0.0.1,86.0,1335,1
127.0.0.1,86.06666666666666,1336,1
127.0.0.1,86.06666666666666,1336,1
127.0.0.1,86.13333333333334,1338,1
127.0.0.1,86.13333333333334,1338,1
127.0.0.1,86.16666666666667,1339,1
127.0.0.1,86.23333333333333,1341,1
127.0.0.1,86.23333333333333,1341,1
127.0.0.1,86.3,1343,1
127.0.0.1,86.3,1343,1
127.0.0.1,86.36666666666666,1345,1
127.0.0.1,86.36666666666666,1345,1
127.0.0.1,86.43333333333334,1347,1
127.0.0.1,86.43333333333334,1347,1
127.0.0.1,86.5,1348,1
127.0.0.1,86.5,1348,1
127.0.0.1,86.53333333333333,1349,1
127.0.0.1,86.6,1351,1
127.0.0.1,86.6,1351,1
127.0.0.1,86.66666666666667,1353,1
127.0.0.1,86.66666666666667,1353,1
127.0.0.1,86.73333333333333,1354,1
127.0.0.1,86.73333333333333,1354,1
127.0.0.1,86.8,1356,1
127.0.0.1,86.8,1356,1
127.0.0.1,86.9,1359,1
127.0.0.1,86.9,1359,1
127.0.0.1,86.9,1359,1
127.0.0.1,86.96666666666667,1361,1
127.0.0.1,86.96666666666667,1361,1
127.0.0.1,87.1,1364,1
127.0.0.1,87.1,1364,1
127.0.0.1,87.1,1364,1
127.0.0.1,87.1,1364,1
127.0.0.1,87.16666666666667,1366,1
127.0.0.1,87.16666666666667,1366,1
127.0.0.1,87.23333333333333,1368,1
127.0.0.1,87.23333333333333,1368,1
127.0.0.1,87.33333333333333,1370,1
127.0.0.1,87.33333333333333,1370,1
127.0.0.1,87.33333333333333,1370,1
127.0.0.1,87.36666666666666,1371,1
127.0.0.1,87.4,1372,1
127.0.0.1,87.43333333333334,1373,1
127.0.0.1,87.46666666666667,1374,1
127.0.0.1,87.56666666666666,1377,1
127.0.0.1,87.56666666666666,1377,1
127.0.0.1,87.56666666666666,1377,1
127.0.0.1,87.63333333333334,1378,1
127.0.0.1,87.63333333333334,1378,1
127.0.0.1,87.66666666666667,1379,1
127.0.0.1,87.76666666666667,1382,1
127.0.0.1,87.76666666666667,1382,1
127.0.0.1,87.76666666666667,1382,1
127.0.0.1,87.8,1383,1
127.0.0.1,87.9,1386,1
127.0.0.1,87.9,1386,1
127.0.0.1,87.9,1386,1
127.0.0.1,87.96666666666667,1387,1
127.0.0.1,87.96666666666667,1387,1
127.0.0.1,88.0,1388,1
127.0.0.1,88.1,1391,1
127.0.0.1,88.1,1391,1
127.0.0.1,88.1,1391,1
127.0.0.1,88.13333333333334,1392,1
127.0.0.1,88.23333333333333,1395,1
127.0.0.1,88.23333333333333,1395,1
127.0.0.1,88.23333333333333,1395,1
127.0.0.1,88.33333333333333,1397,1
127.0.0.1,88.33333333333333,1397,1
127.0.0.1,88.33333333333333,1397,1
127.0.0.1,88.43333333333334,1400,1
127.0.0.1,88.43333333333334,1400,1
127.0.0.1,88.43333333333334,1400,1
127.0.0.1,88.5,1401,1
127.0.0.1,88.5,1401,1
127.0.0.1,88.53333333333333,1402,1
127.0.0.1,88.56666666666666,1402,1
127.0.0.1,88.6,1402,1
127.0.0.1,88.63333333333334,1402,1
127.0.0.1,88.66666666666667,1402,1
127.0.0.1,88.7,1402,1
127.0.0.1,88.73333333333333,1402,1
127.0.0.1,88.76666666666667,1402,1
127.0.0.1,88.8,1402,1
127.0.0.1,88.83333333333333,1402,1
127.0.0.1,88.86666666666666,1402,1
127.0.0.1,88.9,1402,1
127.0.0.1,88.93333333333334,1402,1
127.0.0.1,88.96666666666667,1402,1
127.0.0.1,89.0,1402,1
127.0.0.1,89.03333333333333,1402,1
127.0.0.1,89.06666666666666,1402,1
127.0.0.1,89.1,1402,1
127.0.0.1,89.13333333333334,1402,1
127.0.0.1,89.16666666666667,1402,1
127.0.0.1,89.2,1402,1
127.0.0.1,89.23333333333333,1402,1
127.0.0.1,89.26666666666667,1402,1
127.0.0.1,89.3,1402,1
127.0.0.1,89.33333333333333,1402,1
127.0.0.1,89.36666666666666,1402,1
127.0.0.1,89.4,1402,1
127.0.0.1,89.43333333333334,1402,1
127.0.0.1,89.46666666666667,1402,1
127.0.0.1,89.5,1402,1
127.0.0.1,89.53333333333333,1402,1
127.0.0.1,89.56666666666666,1402,1
127.0.0.1,89.6,1402,1
127.0.0.1,89.63333333333334,1402,1
127.0.0.1,89.66666666666667,1402,1
127.0.0.1,89.7,1402,1
127.0.0.1,89.73333333333333,1402,1
127.0.0.1,89.76666666666667,1402,1
127.0.0.1,89.8,1402,1
127.0.0.1,89.83333333333333,1402,1
127.0.0.1,89.86666666666666,1402,1
127.0.0.1,89.93333333333334,1402,1
127.0.0.1,89.93333333333334,1402,1
127.0.0.1,89.96666666666667,1402,1
127.0.0.1,90.0,1402,1
127.0.0.1,90.03333333333333,1402,1
127.0.0.1,90.06666666666666,1402,1
127.0.0.1,90.1,1402,1
127.0.0.1,90.13333333333334,1402,1
127.0.0.1,90.16666666666667,1402,1
127.0.0.1,90.23333333333333,1402,1
127.0.0.1,90.23333333333333,1402,1
127.0.0.1,90.26666666666667,1402,1
127.0.0.1,90.3,1402,1
127.0.0.1,90.33333333333333,1402,1
127.0.0.1,90.36666666666666,1402,1
127.0.0.1,90.4,1402,1
127.0.0.1,90.43333333333334,1402,1
127.0.0.1,90.46666666666667,1402,1
127.0.0.1,90.5,1402,1
127.0.0.1,90.53333333333333,1402,1
127.0.0.1,90.56666666666666,1402,1
127.0.0.1,90.6,1402,1
127.0.0.1,90.66666666666667,1402,1
127.0.0.1,90.66666666666667,1402,1
127.0.0.1,90.7,1402,1
127.0.0.1,90.73333333333333,1402,1
127.0.0.1,90.76666666666667,1402,1
127.0.0.1,90.8,1402,1
127.0.0.1,90.86666666666666,1402,1
127.0.0.1,90.86666666666666,1402,1
127.0.0.1,90.9,1402,1
127.0.0.1,90.93333333333334,1402,1
127.0.0.1,90.96666666666667,1402,1
127.0.0.1,91.03333333333333,1402,1
127.0.0.1,91.03333333333333,1402,1
127.0.0.1,91.06666666666666,1402,1
127.0.0.1,91.1,1402,1
127.0.0.1,91.13333333333334,1402,1
127.0.0.1,91.2,1402,1
127.0.0.1,91.2,1402,1
127.0.0.1,91.23333333333333,1402,1
127.0.0.1,91.26666666666667,1402,1
127.0.0.1,91.3,1402,1
127.0.0.1,91.36666666666666,1402,1
127.0.0.1,91.36666666666666,1402,1
127.0.0.1,91.4,1402,1
127.0.0.1,91.43333333333334,1402,1
127.0.0.1,91.5,1402,1
127.0.0.1,91.5,1402,1
127.0.0.1,91.53333333333333,1402,1
127.0.0.1,91.56666666666666,1402,1
127.0.0.1,91.6,1402,1
127.0.0.1,91.63333333333334,1402,1
127.0.0.1,91.7,1402,1
127.0.0.1,91.7,1402,1
127.0.0.1,91.73333333333333,1402,1
127.0.0.1,91.76666666666667,1402,1
127.0.0.1,91.8,1402,1
127.0.0.1,91.86666666666666,1402,1
127.0.0.1,91.86666666666666,1402,1
127.0.0.1,91.9,1402,1
127.0.0.1,91.93333333333334,1402,1
127.0.0.1,92.0,1402,1
127.0.0.1,92.0,1402,1
127.0.0.1,92.03333333333333,1402,1
127.0.0.1,92.06666666666666,1402,1
127.0.0.1,92.13333333333334,1402,1
127.0.0.1,92.13333333333334,1402,1
127.0.0.1,92.16666666666667,1402,1
127.0.0.1,92.2,1402,1
127.0.0.1,92.23333333333333,1402,1
127.0.0.1,92.26666666666667,1402,1
127.0.0.1,92.33333333333333,1402,1
127.0.0.1,92.33333333333333,1402,1
127.0.0.1,92.36666666666666,1402,1
127.0.0.1,92.4,1402,1
127.0.0.1,92.43333333333334,1402,1
127.0.0.1,92.46666666666667,1402,1
127.0.0.1,92.53333333333333,1402,1
127.0.0.1,92.53333333333333,1402,1
127.0.0.1,92.56666666666666,1402,1
127.0.0.1,92.6,1402,1
127.0.0.1,92.63333333333334,1402,1
127.0.0.1,92.66666666666667,1402,1
127.0.0.1,92.7,1402,1
127.0.0.1,92.73333333333333,1403,1
127.0.0.1,92.8,1405,1
127.0.0.1,92.8,1405,1
127.0.0.1,92.83333333333333,1406,1
127.0.0.1,92.86666666666666,1407,1
127.0.0.1,92.9,1408,1
127.0.0.1,92.96666666666667,1410,1
127.0.0.1,92.96666666666667,1410,1
127.0.0.1,93.0,1411,1
127.0.0.1,93.03333333333333,1412,1
127.0.0.1,93.06666666666666,1413,1
127.0.0.1,93.1,1414,1
127.0.0.1,93.16666666666667,1416,1
127.0.0.1,93.16666666666667,1416,1
127.0.0.1,93.2,1417,1
127.0.0.1,93.23333333333333,1418,1
127.0.0.1,93.26666666666667,1419,1
127.0.0.1,93.3,1419,1
127.0.0.1,93.33333333333333,1420,1
127.0.0.1,93.36666666666666,1420,1
127.0.0.1,93.4,1421,1
127.0.0.1,93.43333333333334,1422,1
127.0.0.1,93.46666666666667,1423,1
127.0.0.1,93.5,1424,1
127.0.0.1,93.53333333333333,1425,1
127.0.0.1,93.6,1427,1
127.0.0.1,93.6,1427,1
127.0.0.1,93.66666666666667,1428,1
127.0.0.1,93.66666666666667,1428,1
127.0.0.1,93.76666666666667,1431,1
127.0.0.1,93.76666666666667,1431,1
127.0.0.1,93.76666666666667,1431,1
127.0.0.1,93.8,1432,1
127.0.0.1,93.83333333333333,1433,1
127.0.0.1,93.86666666666666,1434,1
127.0.0.1,93.9,1435,1
127.0.0.1,93.93333333333334,1436,1
127.0.0.1,93.96666666666667,1437,1
127.0.0.1,94.0,1438,1
127.0.0.1,94.06666666666666,1439,1
127.0.0.1,94.06666666666666,1439,1
127.0.0.1,94.1,1440,1
127.0.0.1,94.16666666666667,1441,1
127.0.0.1,94.16666666666667,1441,1
127.0.0.1,94.2,1442,1
127.0.0.1,94.23333333333333,1443,1
127.0.0.1,94.26666666666667,1444,1
127.0.0.1,94.33333333333333,1445,1
127.0.0.1,94.33333333333333,1445,1
127.0.0.1,94.36666666666666,1446,1
127.0.0.1,94.4,1447,1
127.0.0.1,94.43333333333334,1448,1
127.0.0.1,94.46666666666667,1449,1
127.0.0.1,94.53333333333333,1450,1
127.0.0.1,94.53333333333333,1450,1
127.0.0.1,94.6,1451,1
127.0.0.1,94.6,1451,1
127.0.0.1,94.63333333333334,1452,1
127.0.0.1,94.66666666666667,1453,1
127.0.0.1,94.7,1454,1
127.0.0.1,94.73333333333333,1455,1
127.0.0.1,94.83333333333333,1457,1
127.0.0.1,94.83333333333333,1457,1
127.0.0.1,94.83333333333333,1457,1
127.0.0.1,94.86666666666666,1458,1
127.0.0.1,94.9,1459,1
127.0.0.1,94.93333333333334,1460,1
127.0.0.1,94.96666666666667,1461,1
127.0.0.1,95.03333333333333,1462,1
127.0.0.1,95.03333333333333,1462,1
127.0.0.1,95.1,1463,1
127.0.0.1,95.1,1463,1
127.0.0.1,95.13333333333334,1464,1
127.0.0.1,95.16666666666667,1465,1
127.0.0.1,95.2,1465,1
127.0.0.1,95.23333333333333,1466,1
127.0.0.1,95.26666666666667,1467,1
127.0.0.1,95.3,1468,1
127.0.0.1,95.4,1471,1
127.0.0.1,95.4,1471,1
127.0.0.1,95.4,1471,1
127.0.0.1,95.43333333333334,1471,1
127.0.0.1,95.46666666666667,1472,1
127.0.0.1,95.53333333333333,1474,1
127.0.0.1,95.53333333333333,1474,1
127.0.0.1,95.56666666666666,1475,1
127.0.0.1,95.6,1476,1
127.0.0.1,95.63333333333334,1477,1
127.0.0.1,95.66666666666667,1477,1
127.0.0.1,95.7,1478,1
127.0.0.1,95.76666666666667,1479,1
127.0.0.1,95.76666666666667,1479,1
127.0.0.1,95.8,1480,1
127.0.0.1,95.83333333333333,1481,1
127.0.0.1,95.93333333333334,1484,1
127.0.0.1,95.93333333333334,1484,1
127.0.0.1,95.93333333333334,1484,1
127.0.0.1,95.96666666666667,1485,1
127.0.0.1,96.0,1486,1
127.0.0.1,96.03333333333333,1487,1
127.0.0.1,96.06666666666666,1488,1
127.0.0.1,96.13333333333334,1489,1
127.0.0.1,96.13333333333334,1489,1
127.0.0.1,96.16666666666667,1490,1
127.0.0.1,96.2,1491,1
127.0.0.1,96.23333333333333,1491,1
127.0.0.1,96.26666666666667,1492,1
127.0.0.1,96.3,1492,1
127.0.0.1,96.33333333333333,1493,1
127.0.0.1,96.36666666666666,1494,1
127.0.0.1,96.4,1495,1
127.0.0.1,96.43333333333334,1496,1
127.0.0.1,96.46666666666667,1497,1
127.0.0.1,96.5,1498,1
127.0.0.1,96.53333333333333,1498,1
127.0.0.1,96.56666666666666,1499,1
127.0.0.1,96.6,1500,1
127.0.0.1,96.63333333333334,1501,1
127.0.0.1,96.66666666666667,1502,1
127.0.0.1,96.7,1503,1
127.0.0.1,96.73333333333333,1504,1
127.0.0.1,96.76666666666667,1505,1
127.0.0.1,96.83333333333333,1506,1
127.0.0.1,96.83333333333333,1506,1
127.0.0.1,96.86666666666666,1507,1
127.0.0.1,96.93333333333334,1509,1
127.0.0.1,96.93333333333334,1509,1
127.0.0.1,96.96666666666667,1509,1
127.0.0.1,97.0,1510,1
127.0.0.1,97.03333333333333,1511,1
127.0.0.1,97.06666666666666,1512,1
127.0.0.1,97.13333333333334,1513,1
127.0.0.1,97.13333333333334,1513,1
127.0.0.1,97.2,1515,1
127.0.0.1,97.2,1515,1
127.0.0.1,97.23333333333333,1516,1
127.0.0.1,97.26666666666667,1517,1
127.0.0.1,97.3,1518,1
127.0.0.1,97.33333333333333,1519,1
127.0.0.1,97.36666666666666,1520,1
127.0.0.1,97.4,1521,1
127.0.0.1,97.43333333333334,1521,1
127.0.0.1,97.46666666666667,1522,1
127.0.0.1,97.5,1523,1
127.0.0.1,97.53333333333333,1524,1
127.0.0.1,97.6,1526,1
127.0.0.1,97.6,1526,1
127.0.0.1,97.63333333333334,1527,1
127.0.0.1,97.66666666666667,1528,1
127.0.0.1,97.7,1529,1
127.0.0.1,97.73333333333333,1530,1
127.0.0.1,97.76666666666667,1531,1
127.0.0.1,97.8,1532,1
127.0.0.1,97.83333333333333,1533,1
127.0.0.1,97.86666666666666,1534,1
127.0.0.1,97.9,1535,1
127.0.0.1,97.93333333333334,1536,1
127.0.0.1,97.96666666666667,1537,1
127.0.0.1,98.0,1538,1
127.0.0.1,98.03333333333333,1539,1
127.0.0.1,98.06666666666666,1540,1
127.0.0.1,98.1,1541,1
127.0.0.1,98.13333333333334,1542,1
127.0.0.1,98.16666666666667,1543,1
127.0.0.1,98.2,1544,1
127.0.0.1,98.23333333333333,1545,1
127.0.0.1,98.26666666666667,1546,1
127.0.0.1,98.3,1547,1
127.0.0.1,98.33333333333333,1548,1
127.0.0.1,98.36666666666666,1549,1
127.0.0.1,98.4,1550,1
